Target,N,LogD_Mean,LogD_SD,LogD_Median,LogD_Min,LogD_Max,LogD_IQR,LogD_Skewness,LogD_Kurtosis,LogP_Mean,LogP_SD,LogP_Median,LogP_Min,LogP_Max,LogP_IQR,LogP_Skewness,LogP_Kurtosis,MCE18_Mean,MCE18_SD,MCE18_Median,MCE18_Min,MCE18_Max,MCE18_IQR,MCE18_Skewness,MCE18_Kurtosis
target_CHEMBL220-1.IC50,1200,3.2056184001323564,1.601191858807048,3.1120982387314795,-1.2838218199036104,9.419001588760944,1.8291613950706376,0.2324075674836838,0.6685101431959692,4.864043366666671,1.8265778465706444,4.6734000000000036,-0.1568199999999995,13.29659999999997,2.0596900000000034,0.701167744677736,1.6321614313869794,140.92341517861715,132.74663578087348,101.68737060041408,0.0,946.9491525423728,93.54126076393902,2.771190848338145,9.48275910110243
target_CHEMBL220-1.IC50,1200,3.2056184001323564,1.601191858807048,3.1120982387314795,-1.2838218199036104,9.419001588760944,1.8291613950706376,0.2324075674836838,0.6685101431959692,4.864043366666671,1.8265778465706444,4.6734000000000036,-0.1568199999999995,13.29659999999997,2.0596900000000034,0.701167744677736,1.6321614313869794,140.92341517861715,132.74663578087348,101.68737060041408,0.0,946.9491525423728,93.54126076393902,2.771190848338145,9.48275910110243
target_CHEMBL220-1.IC50,1200,3.2056184001323564,1.601191858807048,3.1120982387314795,-1.2838218199036104,9.419001588760944,1.8291613950706376,0.2324075674836838,0.6685101431959692,4.864043366666671,1.8265778465706444,4.6734000000000036,-0.1568199999999995,13.29659999999997,2.0596900000000034,0.701167744677736,1.6321614313869794,140.92341517861715,132.74663578087348,101.68737060041408,0.0,946.9491525423728,93.54126076393902,2.771190848338145,9.48275910110243
target_CHEMBL3130-1.IC50,938,2.0501799337030193,1.2245466071701507,2.096169446381859,-6.943014904763713,5.849337395188308,1.768261207145818,-0.38778940528454814,2.5503777595360306,3.1916607995735626,1.1360080664074996,3.2183100000000016,-2.870829999999992,6.662700000000005,1.6544900000000031,-0.17904710270535978,0.5286825000223732,157.24601914963853,68.4669797355139,161.17358803986713,23.91111111111111,386.8909090909091,106.9435615666385,0.23186174580785185,-0.6179725509838474
target_CHEMBL3130-1.IC50,938,2.0501799337030193,1.2245466071701507,2.096169446381859,-6.943014904763713,5.849337395188308,1.768261207145818,-0.38778940528454814,2.5503777595360306,3.1916607995735626,1.1360080664074996,3.2183100000000016,-2.870829999999992,6.662700000000005,1.6544900000000031,-0.17904710270535978,0.5286825000223732,157.24601914963853,68.4669797355139,161.17358803986713,23.91111111111111,386.8909090909091,106.9435615666385,0.23186174580785185,-0.6179725509838474
target_CHEMBL3130-1.IC50,938,2.0501799337030193,1.2245466071701507,2.096169446381859,-6.943014904763713,5.849337395188308,1.768261207145818,-0.38778940528454814,2.5503777595360306,3.1916607995735626,1.1360080664074996,3.2183100000000016,-2.870829999999992,6.662700000000005,1.6544900000000031,-0.17904710270535978,0.5286825000223732,157.24601914963853,68.4669797355139,161.17358803986713,23.91111111111111,386.8909090909091,106.9435615666385,0.23186174580785185,-0.6179725509838474
target_CHEMBL5145-1.IC50,209,2.7878526149292817,1.382340321631179,3.172369432897313,-2.2596020704516193,5.548347584303172,2.4427504590915126,-0.4422368274395338,-0.4911887175163794,4.072286315789476,1.3557751648036578,4.2954000000000025,1.0046,6.6478800000000025,2.2926000000000037,-0.3153947272192147,-0.9959555036969392,100.83121929814894,33.12347122198445,99.87226890756304,51.0,174.3365853658537,43.73333333333332,0.5640797609708426,-0.20687388140146767
target_CHEMBL5145-1.IC50,209,2.7878526149292817,1.382340321631179,3.172369432897313,-2.2596020704516193,5.548347584303172,2.4427504590915126,-0.4422368274395338,-0.4911887175163794,4.072286315789476,1.3557751648036578,4.2954000000000025,1.0046,6.6478800000000025,2.2926000000000037,-0.3153947272192147,-0.9959555036969392,100.83121929814894,33.12347122198445,99.87226890756304,51.0,174.3365853658537,43.73333333333332,0.5640797609708426,-0.20687388140146767
target_CHEMBL5145-1.IC50,209,2.7878526149292817,1.382340321631179,3.172369432897313,-2.2596020704516193,5.548347584303172,2.4427504590915126,-0.4422368274395338,-0.4911887175163794,4.072286315789476,1.3557751648036578,4.2954000000000025,1.0046,6.6478800000000025,2.2926000000000037,-0.3153947272192147,-0.9959555036969392,100.83121929814894,33.12347122198445,99.87226890756304,51.0,174.3365853658537,43.73333333333332,0.5640797609708426,-0.20687388140146767
target_CHEMBL4235-4.IC50,214,2.9511241207821888,1.4791190455778436,3.002684291772537,0.0437800063427995,6.356011091722233,2.1621038549375284,-0.07512004771243194,-0.8386714748423127,4.016830560747667,1.1817679337032572,3.8937500000000025,1.2398999999999991,6.856500000000007,1.5160950000000017,0.016542243624074214,-0.28729129446882196,140.26277959194042,53.69997478520181,133.22722722722722,44.19607843137255,370.5,74.79489552785924,0.9298642511380579,0.8469790957293664
target_CHEMBL4235-4.IC50,214,2.9511241207821888,1.4791190455778436,3.002684291772537,0.0437800063427995,6.356011091722233,2.1621038549375284,-0.07512004771243194,-0.8386714748423127,4.016830560747667,1.1817679337032572,3.8937500000000025,1.2398999999999991,6.856500000000007,1.5160950000000017,0.016542243624074214,-0.28729129446882196,140.26277959194042,53.69997478520181,133.22722722722722,44.19607843137255,370.5,74.79489552785924,0.9298642511380579,0.8469790957293664
target_CHEMBL4235-4.IC50,214,2.9511241207821888,1.4791190455778436,3.002684291772537,0.0437800063427995,6.356011091722233,2.1621038549375284,-0.07512004771243194,-0.8386714748423127,4.016830560747667,1.1817679337032572,3.8937500000000025,1.2398999999999991,6.856500000000007,1.5160950000000017,0.016542243624074214,-0.28729129446882196,140.26277959194042,53.69997478520181,133.22722722722722,44.19607843137255,370.5,74.79489552785924,0.9298642511380579,0.8469790957293664
target_CHEMBL206-1.IC50,471,3.6763261077655227,1.1085092430681356,3.73024937772361,0.2296822920146568,6.985331216020542,1.3319210517011602,-0.12598501534129766,0.3364968627123579,4.925699532908709,1.526257799561231,4.911720000000005,0.7957999999999998,8.387100000000006,2.3452900000000043,-0.1817176798690618,-0.5826784090928512,109.71733858028621,53.42755040670386,115.33333333333331,20.0,308.8993710691824,104.9328282828283,0.35215205390812576,-0.5165670624711436
target_CHEMBL206-1.IC50,471,3.6763261077655227,1.1085092430681356,3.73024937772361,0.2296822920146568,6.985331216020542,1.3319210517011602,-0.12598501534129766,0.3364968627123579,4.925699532908709,1.526257799561231,4.911720000000005,0.7957999999999998,8.387100000000006,2.3452900000000043,-0.1817176798690618,-0.5826784090928512,109.71733858028621,53.42755040670386,115.33333333333331,20.0,308.8993710691824,104.9328282828283,0.35215205390812576,-0.5165670624711436
target_CHEMBL206-1.IC50,471,3.6763261077655227,1.1085092430681356,3.73024937772361,0.2296822920146568,6.985331216020542,1.3319210517011602,-0.12598501534129766,0.3364968627123579,4.925699532908709,1.526257799561231,4.911720000000005,0.7957999999999998,8.387100000000006,2.3452900000000043,-0.1817176798690618,-0.5826784090928512,109.71733858028621,53.42755040670386,115.33333333333331,20.0,308.8993710691824,104.9328282828283,0.35215205390812576,-0.5165670624711436
target_CHEMBL325-1.IC50,1371,2.323049043284033,1.3487209231590807,2.3225511812750055,-4.524024738484268,8.402167946718315,1.7610523531993154,0.09686662372375351,1.1433100275132784,3.783108774617069,1.396512994606383,3.7619000000000034,-1.528529999999992,10.505499999999996,1.7989500000000018,0.41992984516362203,0.966168011209835,81.38557524315203,60.87166613130509,63.0,5.0,456.18805765271105,53.18279569892472,1.8877161512830443,5.558619583545566
target_CHEMBL325-1.IC50,1371,2.323049043284033,1.3487209231590807,2.3225511812750055,-4.524024738484268,8.402167946718315,1.7610523531993154,0.09686662372375351,1.1433100275132784,3.783108774617069,1.396512994606383,3.7619000000000034,-1.528529999999992,10.505499999999996,1.7989500000000018,0.41992984516362203,0.966168011209835,81.38557524315203,60.87166613130509,63.0,5.0,456.18805765271105,53.18279569892472,1.8877161512830443,5.558619583545566
target_CHEMBL325-1.IC50,1371,2.323049043284033,1.3487209231590807,2.3225511812750055,-4.524024738484268,8.402167946718315,1.7610523531993154,0.09686662372375351,1.1433100275132784,3.783108774617069,1.396512994606383,3.7619000000000034,-1.528529999999992,10.505499999999996,1.7989500000000018,0.41992984516362203,0.966168011209835,81.38557524315203,60.87166613130509,63.0,5.0,456.18805765271105,53.18279569892472,1.8877161512830443,5.558619583545566
target_CHEMBL5763-1.IC50,1396,3.4513482007322933,1.5057535277944911,3.306284033826607,-0.3942598923983862,10.590757604559,1.9891376704897765,0.4980551734973613,0.5650667866495911,4.943472063037253,1.5881514088107513,4.842350000000003,0.8525199999999997,10.255599999999998,2.231385000000005,0.32025355443035425,-0.419907023465385,130.96788442915408,134.8712154617313,89.49818181818182,7.0,1207.391304347826,79.76595238095237,4.001575281170294,19.406303798472837
target_CHEMBL5763-1.IC50,1396,3.4513482007322933,1.5057535277944911,3.306284033826607,-0.3942598923983862,10.590757604559,1.9891376704897765,0.4980551734973613,0.5650667866495911,4.943472063037253,1.5881514088107513,4.842350000000003,0.8525199999999997,10.255599999999998,2.231385000000005,0.32025355443035425,-0.419907023465385,130.96788442915408,134.8712154617313,89.49818181818182,7.0,1207.391304347826,79.76595238095237,4.001575281170294,19.406303798472837
target_CHEMBL5763-1.IC50,1396,3.4513482007322933,1.5057535277944911,3.306284033826607,-0.3942598923983862,10.590757604559,1.9891376704897765,0.4980551734973613,0.5650667866495911,4.943472063037253,1.5881514088107513,4.842350000000003,0.8525199999999997,10.255599999999998,2.231385000000005,0.32025355443035425,-0.419907023465385,130.96788442915408,134.8712154617313,89.49818181818182,7.0,1207.391304347826,79.76595238095237,4.001575281170294,19.406303798472837
target_CHEMBL228-1.IC50,195,1.712100090115993,1.3810185038194613,1.6983552769761847,-1.3771180800571616,4.423720655046389,2.281606450423144,-0.10685456706612433,-1.0375361721427563,3.3718702564102583,1.2443171348278648,3.5047000000000015,0.7266999999999999,5.985100000000005,2.011700000000003,-0.0753470878970901,-0.8542222608578394,88.61765110607095,60.630619724746346,70.06060606060606,20.0,253.98966408268737,34.56560393272751,1.5635475977203617,1.3633765055459524
target_CHEMBL228-1.IC50,195,1.712100090115993,1.3810185038194613,1.6983552769761847,-1.3771180800571616,4.423720655046389,2.281606450423144,-0.10685456706612433,-1.0375361721427563,3.3718702564102583,1.2443171348278648,3.5047000000000015,0.7266999999999999,5.985100000000005,2.011700000000003,-0.0753470878970901,-0.8542222608578394,88.61765110607095,60.630619724746346,70.06060606060606,20.0,253.98966408268737,34.56560393272751,1.5635475977203617,1.3633765055459524
target_CHEMBL228-1.IC50,195,1.712100090115993,1.3810185038194613,1.6983552769761847,-1.3771180800571616,4.423720655046389,2.281606450423144,-0.10685456706612433,-1.0375361721427563,3.3718702564102583,1.2443171348278648,3.5047000000000015,0.7266999999999999,5.985100000000005,2.011700000000003,-0.0753470878970901,-0.8542222608578394,88.61765110607095,60.630619724746346,70.06060606060606,20.0,253.98966408268737,34.56560393272751,1.5635475977203617,1.3633765055459524
target_CHEMBL203-1.IC50,226,3.4704438724536595,1.0807856476365556,3.651190249178388,0.5358918059417936,6.1991956220871405,1.2808509544566036,-0.4728489575926998,-0.018065398425940238,4.338114424778764,0.915121667053138,4.319100000000002,2.26452,7.224400000000008,1.3142200000000037,0.19311768114102715,0.13319390127055675,102.86658863016353,55.568239515942814,108.8051282051282,5.0,229.53359683794463,78.30174768042414,0.19785685514821627,-0.7334840218194287
target_CHEMBL203-1.IC50,226,3.4704438724536595,1.0807856476365556,3.651190249178388,0.5358918059417936,6.1991956220871405,1.2808509544566036,-0.4728489575926998,-0.018065398425940238,4.338114424778764,0.915121667053138,4.319100000000002,2.26452,7.224400000000008,1.3142200000000037,0.19311768114102715,0.13319390127055675,102.86658863016353,55.568239515942814,108.8051282051282,5.0,229.53359683794463,78.30174768042414,0.19785685514821627,-0.7334840218194287
target_CHEMBL203-1.IC50,226,3.4704438724536595,1.0807856476365556,3.651190249178388,0.5358918059417936,6.1991956220871405,1.2808509544566036,-0.4728489575926998,-0.018065398425940238,4.338114424778764,0.915121667053138,4.319100000000002,2.26452,7.224400000000008,1.3142200000000037,0.19311768114102715,0.13319390127055675,102.86658863016353,55.568239515942814,108.8051282051282,5.0,229.53359683794463,78.30174768042414,0.19785685514821627,-0.7334840218194287
target_CHEMBL1741186-1.IC50,394,4.01684619604769,1.1804926066735246,4.027495505343991,0.9827218490076554,7.418039615890989,1.7858380461123664,0.08332791620353981,-0.5529902666483375,5.0136599492385825,1.0155624575090298,5.043350000000004,1.98268,7.306270000000004,1.4727900000000016,-0.10782607534301077,-0.49030754808946675,107.98698713320552,49.82513725640312,96.10477453580901,48.0,316.0186046511628,53.5,1.2801591114429218,1.138775467823356
target_CHEMBL1741186-1.IC50,394,4.01684619604769,1.1804926066735246,4.027495505343991,0.9827218490076554,7.418039615890989,1.7858380461123664,0.08332791620353981,-0.5529902666483375,5.0136599492385825,1.0155624575090298,5.043350000000004,1.98268,7.306270000000004,1.4727900000000016,-0.10782607534301077,-0.49030754808946675,107.98698713320552,49.82513725640312,96.10477453580901,48.0,316.0186046511628,53.5,1.2801591114429218,1.138775467823356
target_CHEMBL1741186-1.IC50,394,4.01684619604769,1.1804926066735246,4.027495505343991,0.9827218490076554,7.418039615890989,1.7858380461123664,0.08332791620353981,-0.5529902666483375,5.0136599492385825,1.0155624575090298,5.043350000000004,1.98268,7.306270000000004,1.4727900000000016,-0.10782607534301077,-0.49030754808946675,107.98698713320552,49.82513725640312,96.10477453580901,48.0,316.0186046511628,53.5,1.2801591114429218,1.138775467823356
target_CHEMBL247-1.IC50,1850,2.9061200133422886,1.4968021815220949,2.8968691681216274,-5.781822387578472,7.082320571590512,1.7498333834774864,-0.498462919827627,2.064132144990361,3.801239772972975,1.175691278624541,3.739720000000002,-0.1962800000000001,7.426120000000004,1.5067200000000023,0.19096928410981265,0.16025058026673777,73.64786710084182,44.222165367750264,60.0,18.0,301.89473684210526,42.35160680529302,1.5080033149460963,2.624750907242828
target_CHEMBL247-1.IC50,1850,2.9061200133422886,1.4968021815220949,2.8968691681216274,-5.781822387578472,7.082320571590512,1.7498333834774864,-0.498462919827627,2.064132144990361,3.801239772972975,1.175691278624541,3.739720000000002,-0.1962800000000001,7.426120000000004,1.5067200000000023,0.19096928410981265,0.16025058026673777,73.64786710084182,44.222165367750264,60.0,18.0,301.89473684210526,42.35160680529302,1.5080033149460963,2.624750907242828
target_CHEMBL247-1.IC50,1850,2.9061200133422886,1.4968021815220949,2.8968691681216274,-5.781822387578472,7.082320571590512,1.7498333834774864,-0.498462919827627,2.064132144990361,3.801239772972975,1.175691278624541,3.739720000000002,-0.1962800000000001,7.426120000000004,1.5067200000000023,0.19096928410981265,0.16025058026673777,73.64786710084182,44.222165367750264,60.0,18.0,301.89473684210526,42.35160680529302,1.5080033149460963,2.624750907242828
target_CHEMBL2148-1.IC50,710,1.4288973219468737,1.4535367117979119,1.1233092605948696,-2.0672816039630866,6.942454399410598,2.015920420272809,0.6253094922466651,-0.0028333420530328723,3.02403643661972,1.23701039751186,2.9522000000000013,-0.048399999999998,7.928340000000005,1.5583600000000026,0.5579472640510561,0.5594823612400335,129.27046048311269,48.630550388323755,124.52216748768473,26.0,376.8067226890756,53.39327880327883,0.92189418905297,1.6758277013750655
target_CHEMBL2148-1.IC50,710,1.4288973219468737,1.4535367117979119,1.1233092605948696,-2.0672816039630866,6.942454399410598,2.015920420272809,0.6253094922466651,-0.0028333420530328723,3.02403643661972,1.23701039751186,2.9522000000000013,-0.048399999999998,7.928340000000005,1.5583600000000026,0.5579472640510561,0.5594823612400335,129.27046048311269,48.630550388323755,124.52216748768473,26.0,376.8067226890756,53.39327880327883,0.92189418905297,1.6758277013750655
target_CHEMBL2148-1.IC50,710,1.4288973219468737,1.4535367117979119,1.1233092605948696,-2.0672816039630866,6.942454399410598,2.015920420272809,0.6253094922466651,-0.0028333420530328723,3.02403643661972,1.23701039751186,2.9522000000000013,-0.048399999999998,7.928340000000005,1.5583600000000026,0.5579472640510561,0.5594823612400335,129.27046048311269,48.630550388323755,124.52216748768473,26.0,376.8067226890756,53.39327880327883,0.92189418905297,1.6758277013750655
target_CHEMBL260-2.IC50,286,3.262281509238688,1.3289550113323527,3.264595781619821,-0.470748753971289,6.020737083454429,1.8958639313696959,-0.17073665705860905,-0.26606684121539725,4.552828811188814,1.2772865675183451,4.513960000000003,1.1322000000000003,7.662920000000007,1.602920000000001,0.1310648433781834,0.015386062442658943,123.29490231295846,31.24239966891959,130.0,42.0,222.27272727272728,47.5707100591716,0.18921657567529634,0.5182840800628004
target_CHEMBL260-2.IC50,286,3.262281509238688,1.3289550113323527,3.264595781619821,-0.470748753971289,6.020737083454429,1.8958639313696959,-0.17073665705860905,-0.26606684121539725,4.552828811188814,1.2772865675183451,4.513960000000003,1.1322000000000003,7.662920000000007,1.602920000000001,0.1310648433781834,0.015386062442658943,123.29490231295846,31.24239966891959,130.0,42.0,222.27272727272728,47.5707100591716,0.18921657567529634,0.5182840800628004
target_CHEMBL260-2.IC50,286,3.262281509238688,1.3289550113323527,3.264595781619821,-0.470748753971289,6.020737083454429,1.8958639313696959,-0.17073665705860905,-0.26606684121539725,4.552828811188814,1.2772865675183451,4.513960000000003,1.1322000000000003,7.662920000000007,1.602920000000001,0.1310648433781834,0.015386062442658943,123.29490231295846,31.24239966891959,130.0,42.0,222.27272727272728,47.5707100591716,0.18921657567529634,0.5182840800628004
target_CHEMBL5251-2.IC50,207,3.6236226132155274,1.196681383770375,3.4533898331661415,0.4211711425945734,6.380968034305154,1.9879401181046799,-0.08384168527496134,-0.8178544386936637,5.028738067632855,1.0217739653638078,4.998520000000004,2.6165000000000003,7.810220000000008,1.586500000000001,0.06071565816706129,-0.633040927628254,151.37600383409128,62.583796417633195,141.66034155597723,51.0,333.6131593874078,78.10065784259331,0.6707775777097686,-0.2915715856762948
target_CHEMBL5251-2.IC50,207,3.6236226132155274,1.196681383770375,3.4533898331661415,0.4211711425945734,6.380968034305154,1.9879401181046799,-0.08384168527496134,-0.8178544386936637,5.028738067632855,1.0217739653638078,4.998520000000004,2.6165000000000003,7.810220000000008,1.586500000000001,0.06071565816706129,-0.633040927628254,151.37600383409128,62.583796417633195,141.66034155597723,51.0,333.6131593874078,78.10065784259331,0.6707775777097686,-0.2915715856762948
target_CHEMBL5251-2.IC50,207,3.6236226132155274,1.196681383770375,3.4533898331661415,0.4211711425945734,6.380968034305154,1.9879401181046799,-0.08384168527496134,-0.8178544386936637,5.028738067632855,1.0217739653638078,4.998520000000004,2.6165000000000003,7.810220000000008,1.586500000000001,0.06071565816706129,-0.633040927628254,151.37600383409128,62.583796417633195,141.66034155597723,51.0,333.6131593874078,78.10065784259331,0.6707775777097686,-0.2915715856762948
target_CHEMBL3229-2.IC50,205,3.544108756668364,1.460206848304397,3.785423012898912,-0.2705055440355714,7.356155186618517,1.8778617983100436,-0.4032149928446253,-0.2917859745521878,4.611989463414638,1.33502031415484,4.7668000000000035,0.2963999999999999,7.941100000000007,1.4099200000000014,-0.6912142469377168,0.7776940986935186,65.73475560145032,41.04010587211889,48.0,0.0,173.75,50.0,0.7737285623592173,-0.4146318090069263
target_CHEMBL3229-2.IC50,205,3.544108756668364,1.460206848304397,3.785423012898912,-0.2705055440355714,7.356155186618517,1.8778617983100436,-0.4032149928446253,-0.2917859745521878,4.611989463414638,1.33502031415484,4.7668000000000035,0.2963999999999999,7.941100000000007,1.4099200000000014,-0.6912142469377168,0.7776940986935186,65.73475560145032,41.04010587211889,48.0,0.0,173.75,50.0,0.7737285623592173,-0.4146318090069263
target_CHEMBL3229-2.IC50,205,3.544108756668364,1.460206848304397,3.785423012898912,-0.2705055440355714,7.356155186618517,1.8778617983100436,-0.4032149928446253,-0.2917859745521878,4.611989463414638,1.33502031415484,4.7668000000000035,0.2963999999999999,7.941100000000007,1.4099200000000014,-0.6912142469377168,0.7776940986935186,65.73475560145032,41.04010587211889,48.0,0.0,173.75,50.0,0.7737285623592173,-0.4146318090069263
target_CHEMBL2039-1.IC50,932,3.106546256180427,1.2994559318853316,3.280771757241399,-1.873487944921292,6.701290154023859,1.6444290385740148,-0.4190094918817934,0.1703139097253068,3.867340182403436,1.2258807808163665,3.8420000000000023,-0.0117999999999975,8.140500000000005,1.258775,0.261044386357496,0.7573363662025976,60.62093269661472,39.693001664877954,51.0,5.0,251.0769230769231,31.37365550131507,1.7501007398245836,3.6091609243686653
target_CHEMBL2039-1.IC50,932,3.106546256180427,1.2994559318853316,3.280771757241399,-1.873487944921292,6.701290154023859,1.6444290385740148,-0.4190094918817934,0.1703139097253068,3.867340182403436,1.2258807808163665,3.8420000000000023,-0.0117999999999975,8.140500000000005,1.258775,0.261044386357496,0.7573363662025976,60.62093269661472,39.693001664877954,51.0,5.0,251.0769230769231,31.37365550131507,1.7501007398245836,3.6091609243686653
target_CHEMBL2039-1.IC50,932,3.106546256180427,1.2994559318853316,3.280771757241399,-1.873487944921292,6.701290154023859,1.6444290385740148,-0.4190094918817934,0.1703139097253068,3.867340182403436,1.2258807808163665,3.8420000000000023,-0.0117999999999975,8.140500000000005,1.258775,0.261044386357496,0.7573363662025976,60.62093269661472,39.693001664877954,51.0,5.0,251.0769230769231,31.37365550131507,1.7501007398245836,3.6091609243686653
target_CHEMBL4296-1.IC50,872,1.4528742381127115,5.481951555741747,3.0802645658056047,-16.269191926534862,6.183455540059373,1.9868898517219176,-2.4204380858691037,4.263709959233455,2.9309483830275145,4.508469269350998,4.150610000000003,-15.363790000000234,7.753900000000005,1.6387700000000027,-2.521539506536434,5.2025668994124175,266.03355625640086,398.2106029047708,139.51428571428573,7.0,1913.868211691456,82.92594466936569,2.6956495828234934,5.7660955892210435
target_CHEMBL4296-1.IC50,872,1.4528742381127115,5.481951555741747,3.0802645658056047,-16.269191926534862,6.183455540059373,1.9868898517219176,-2.4204380858691037,4.263709959233455,2.9309483830275145,4.508469269350998,4.150610000000003,-15.363790000000234,7.753900000000005,1.6387700000000027,-2.521539506536434,5.2025668994124175,266.03355625640086,398.2106029047708,139.51428571428573,7.0,1913.868211691456,82.92594466936569,2.6956495828234934,5.7660955892210435
target_CHEMBL4296-1.IC50,872,1.4528742381127115,5.481951555741747,3.0802645658056047,-16.269191926534862,6.183455540059373,1.9868898517219176,-2.4204380858691037,4.263709959233455,2.9309483830275145,4.508469269350998,4.150610000000003,-15.363790000000234,7.753900000000005,1.6387700000000027,-2.521539506536434,5.2025668994124175,266.03355625640086,398.2106029047708,139.51428571428573,7.0,1913.868211691456,82.92594466936569,2.6956495828234934,5.7660955892210435
target_CHEMBL240-1.IC50,1330,2.2407597144232536,1.2500432627822335,2.14234373420168,-2.414232901335182,5.757679517371716,1.8332489587611411,0.03591661118062805,-0.2072137790464521,3.8790423308270703,1.157652223500155,3.781400000000003,0.8861799999999995,7.2343200000000065,1.5798900000000025,0.12316547476583492,-0.23414647623122642,154.74294663712504,76.012778717773,141.534375,22.0,415.4793491864831,97.73239486191638,0.5307769900394738,-0.11410168189320036
target_CHEMBL240-1.IC50,1330,2.2407597144232536,1.2500432627822335,2.14234373420168,-2.414232901335182,5.757679517371716,1.8332489587611411,0.03591661118062805,-0.2072137790464521,3.8790423308270703,1.157652223500155,3.781400000000003,0.8861799999999995,7.2343200000000065,1.5798900000000025,0.12316547476583492,-0.23414647623122642,154.74294663712504,76.012778717773,141.534375,22.0,415.4793491864831,97.73239486191638,0.5307769900394738,-0.11410168189320036
target_CHEMBL240-1.IC50,1330,2.2407597144232536,1.2500432627822335,2.14234373420168,-2.414232901335182,5.757679517371716,1.8332489587611411,0.03591661118062805,-0.2072137790464521,3.8790423308270703,1.157652223500155,3.781400000000003,0.8861799999999995,7.2343200000000065,1.5798900000000025,0.12316547476583492,-0.23414647623122642,154.74294663712504,76.012778717773,141.534375,22.0,415.4793491864831,97.73239486191638,0.5307769900394738,-0.11410168189320036
target_CHEMBL222-1.IC50,598,2.390667063440372,1.3197041190373868,2.406811228765258,-1.1969444946465135,6.072704960230542,1.7138302851491942,0.008424505019463121,-0.023183582831954208,3.6720913377926445,0.9336477236322975,3.7246200000000016,1.0135999999999998,6.586300000000007,1.222450000000002,-0.19255541464532533,0.19562360702799264,62.8626059930809,28.701985453008128,63.26298701298701,16.0,161.1851851851852,33.65391304347825,0.6359670945770383,0.14267471642453433
target_CHEMBL222-1.IC50,598,2.390667063440372,1.3197041190373868,2.406811228765258,-1.1969444946465135,6.072704960230542,1.7138302851491942,0.008424505019463121,-0.023183582831954208,3.6720913377926445,0.9336477236322975,3.7246200000000016,1.0135999999999998,6.586300000000007,1.222450000000002,-0.19255541464532533,0.19562360702799264,62.8626059930809,28.701985453008128,63.26298701298701,16.0,161.1851851851852,33.65391304347825,0.6359670945770383,0.14267471642453433
target_CHEMBL222-1.IC50,598,2.390667063440372,1.3197041190373868,2.406811228765258,-1.1969444946465135,6.072704960230542,1.7138302851491942,0.008424505019463121,-0.023183582831954208,3.6720913377926445,0.9336477236322975,3.7246200000000016,1.0135999999999998,6.586300000000007,1.222450000000002,-0.19255541464532533,0.19562360702799264,62.8626059930809,28.701985453008128,63.26298701298701,16.0,161.1851851851852,33.65391304347825,0.6359670945770383,0.14267471642453433
target_CHEMBL3105-1.IC50,738,1.7054673179876092,1.4049009709231968,1.6806320660143728,-3.099583534560084,5.5645137382341705,1.8881146219736915,-0.11955470303652925,0.024054091891485108,2.973815284552847,1.1487295550884793,2.862400000000001,-1.335999999999997,6.7416000000000045,1.505150000000003,0.068398183098877,0.40963256515921254,121.14384639861773,47.15367035133343,124.27705627705629,6.0,316.2076798269335,60.94697008113589,0.39023505402072955,0.4429602621804256
target_CHEMBL3105-1.IC50,738,1.7054673179876092,1.4049009709231968,1.6806320660143728,-3.099583534560084,5.5645137382341705,1.8881146219736915,-0.11955470303652925,0.024054091891485108,2.973815284552847,1.1487295550884793,2.862400000000001,-1.335999999999997,6.7416000000000045,1.505150000000003,0.068398183098877,0.40963256515921254,121.14384639861773,47.15367035133343,124.27705627705629,6.0,316.2076798269335,60.94697008113589,0.39023505402072955,0.4429602621804256
target_CHEMBL3105-1.IC50,738,1.7054673179876092,1.4049009709231968,1.6806320660143728,-3.099583534560084,5.5645137382341705,1.8881146219736915,-0.11955470303652925,0.024054091891485108,2.973815284552847,1.1487295550884793,2.862400000000001,-1.335999999999997,6.7416000000000045,1.505150000000003,0.068398183098877,0.40963256515921254,121.14384639861773,47.15367035133343,124.27705627705629,6.0,316.2076798269335,60.94697008113589,0.39023505402072955,0.4429602621804256
target_CHEMBL284-2.IC50,224,0.8357160110771041,1.291790113725513,0.9071399338895516,-4.702353625551007,3.774355408554302,1.587557713271591,-0.8755698723907551,2.69046924937689,2.746221785714287,1.5778857346253,2.5707000000000004,-1.6046999999999991,6.734820000000007,1.9574200000000022,0.39000348853152983,0.13626817575621875,72.9592444186287,32.65507468376938,71.81150793650795,20.805194805194805,153.55113636363637,46.526948710518695,0.6660951929149268,-0.663343833944726
target_CHEMBL284-2.IC50,224,0.8357160110771041,1.291790113725513,0.9071399338895516,-4.702353625551007,3.774355408554302,1.587557713271591,-0.8755698723907551,2.69046924937689,2.746221785714287,1.5778857346253,2.5707000000000004,-1.6046999999999991,6.734820000000007,1.9574200000000022,0.39000348853152983,0.13626817575621875,72.9592444186287,32.65507468376938,71.81150793650795,20.805194805194805,153.55113636363637,46.526948710518695,0.6660951929149268,-0.663343833944726
target_CHEMBL284-2.IC50,224,0.8357160110771041,1.291790113725513,0.9071399338895516,-4.702353625551007,3.774355408554302,1.587557713271591,-0.8755698723907551,2.69046924937689,2.746221785714287,1.5778857346253,2.5707000000000004,-1.6046999999999991,6.734820000000007,1.9574200000000022,0.39000348853152983,0.13626817575621875,72.9592444186287,32.65507468376938,71.81150793650795,20.805194805194805,153.55113636363637,46.526948710518695,0.6660951929149268,-0.663343833944726
target_CHEMBL4015-2.IC50,309,1.580862500969501,1.0158818260652558,1.4882748185258416,-1.772991233595333,4.280473235327632,1.112251488767322,0.15184005623631022,0.11991359023890436,3.5685737864077693,1.1571000781141014,3.4021000000000026,1.254980000000002,7.168300000000007,1.4046000000000003,0.7172951035573265,0.2703128299640265,138.6774537500561,54.664546145276354,120.73427471116815,51.626852659110725,271.17551020408166,65.60099573257466,0.8234057285786962,0.08458979164208413
target_CHEMBL4015-2.IC50,309,1.580862500969501,1.0158818260652558,1.4882748185258416,-1.772991233595333,4.280473235327632,1.112251488767322,0.15184005623631022,0.11991359023890436,3.5685737864077693,1.1571000781141014,3.4021000000000026,1.254980000000002,7.168300000000007,1.4046000000000003,0.7172951035573265,0.2703128299640265,138.6774537500561,54.664546145276354,120.73427471116815,51.626852659110725,271.17551020408166,65.60099573257466,0.8234057285786962,0.08458979164208413
target_CHEMBL4015-2.IC50,309,1.580862500969501,1.0158818260652558,1.4882748185258416,-1.772991233595333,4.280473235327632,1.112251488767322,0.15184005623631022,0.11991359023890436,3.5685737864077693,1.1571000781141014,3.4021000000000026,1.254980000000002,7.168300000000007,1.4046000000000003,0.7172951035573265,0.2703128299640265,138.6774537500561,54.664546145276354,120.73427471116815,51.626852659110725,271.17551020408166,65.60099573257466,0.8234057285786962,0.08458979164208413
target_CHEMBL1974-1.IC50,508,2.6184999832568305,1.23127110746488,2.59872688578563,-0.5922449242513343,6.308049380079018,1.6426935112315433,-0.07011710485964383,-0.06058529176588312,4.040228464566931,1.200377363608099,4.251570000000003,0.4270999999999991,7.0978000000000065,1.6336549999999992,-0.4633857755445665,-0.12213447627538665,133.62685229931742,59.24958881202007,129.87959956709955,26.0,363.64864864864865,72.88133457526929,1.2824268670585988,2.8204014354330305
target_CHEMBL1974-1.IC50,508,2.6184999832568305,1.23127110746488,2.59872688578563,-0.5922449242513343,6.308049380079018,1.6426935112315433,-0.07011710485964383,-0.06058529176588312,4.040228464566931,1.200377363608099,4.251570000000003,0.4270999999999991,7.0978000000000065,1.6336549999999992,-0.4633857755445665,-0.12213447627538665,133.62685229931742,59.24958881202007,129.87959956709955,26.0,363.64864864864865,72.88133457526929,1.2824268670585988,2.8204014354330305
target_CHEMBL1974-1.IC50,508,2.6184999832568305,1.23127110746488,2.59872688578563,-0.5922449242513343,6.308049380079018,1.6426935112315433,-0.07011710485964383,-0.06058529176588312,4.040228464566931,1.200377363608099,4.251570000000003,0.4270999999999991,7.0978000000000065,1.6336549999999992,-0.4633857755445665,-0.12213447627538665,133.62685229931742,59.24958881202007,129.87959956709955,26.0,363.64864864864865,72.88133457526929,1.2824268670585988,2.8204014354330305
target_CHEMBL4794-2.IC50,277,3.5495458444566523,1.1695064199865617,3.4990963028500817,1.1024041053302145,7.150648738210279,1.7682964765266158,0.14496413924416698,-0.6483733686815958,4.972228736462097,1.1173445843308791,4.936900000000004,2.793200000000001,8.189800000000004,1.635080000000003,0.21283775328784546,-0.48744073849706826,97.92420436737906,40.28131867394297,91.17948717948715,48.0,267.9584775086505,58.83333333333334,1.0516847321025207,1.0130986565453481
target_CHEMBL4794-2.IC50,277,3.5495458444566523,1.1695064199865617,3.4990963028500817,1.1024041053302145,7.150648738210279,1.7682964765266158,0.14496413924416698,-0.6483733686815958,4.972228736462097,1.1173445843308791,4.936900000000004,2.793200000000001,8.189800000000004,1.635080000000003,0.21283775328784546,-0.48744073849706826,97.92420436737906,40.28131867394297,91.17948717948715,48.0,267.9584775086505,58.83333333333334,1.0516847321025207,1.0130986565453481
target_CHEMBL4794-2.IC50,277,3.5495458444566523,1.1695064199865617,3.4990963028500817,1.1024041053302145,7.150648738210279,1.7682964765266158,0.14496413924416698,-0.6483733686815958,4.972228736462097,1.1173445843308791,4.936900000000004,2.793200000000001,8.189800000000004,1.635080000000003,0.21283775328784546,-0.48744073849706826,97.92420436737906,40.28131867394297,91.17948717948715,48.0,267.9584775086505,58.83333333333334,1.0516847321025207,1.0130986565453481
target_CHEMBL1163125-1.IC50,695,2.8131469978523604,1.5244069039471042,2.7953998193249596,-1.434658277109825,6.564979544861355,2.2579771847431624,-0.17588298458792706,-0.3109054132586504,4.017642158273384,1.372890192145073,4.095860000000004,-0.0217000000000002,7.460720000000007,1.7824900000000015,-0.13248703548272148,-0.1351626528428227,122.64545957025982,54.11950334027762,121.33333333333331,20.0,309.4782608695652,68.28707452391663,0.503876042015325,0.009029267820518605
target_CHEMBL1163125-1.IC50,695,2.8131469978523604,1.5244069039471042,2.7953998193249596,-1.434658277109825,6.564979544861355,2.2579771847431624,-0.17588298458792706,-0.3109054132586504,4.017642158273384,1.372890192145073,4.095860000000004,-0.0217000000000002,7.460720000000007,1.7824900000000015,-0.13248703548272148,-0.1351626528428227,122.64545957025982,54.11950334027762,121.33333333333331,20.0,309.4782608695652,68.28707452391663,0.503876042015325,0.009029267820518605
target_CHEMBL1163125-1.IC50,695,2.8131469978523604,1.5244069039471042,2.7953998193249596,-1.434658277109825,6.564979544861355,2.2579771847431624,-0.17588298458792706,-0.3109054132586504,4.017642158273384,1.372890192145073,4.095860000000004,-0.0217000000000002,7.460720000000007,1.7824900000000015,-0.13248703548272148,-0.1351626528428227,122.64545957025982,54.11950334027762,121.33333333333331,20.0,309.4782608695652,68.28707452391663,0.503876042015325,0.009029267820518605
target_CHEMBL2971-1.IC50,787,1.8667292807916838,1.4530538175260468,1.7847224488349864,-1.245908950977321,5.446422934576746,2.261055763215038,0.12797816081009672,-0.7127803788665505,3.3407607369758594,1.2675684391795339,3.3815000000000017,0.2148800000000001,6.898520000000007,1.5827100000000027,0.06948257017237124,-0.19490213971782788,117.00331190340022,51.74957611434222,111.0375,24.0,263.65656565656565,72.63740975116187,0.4457078849633496,-0.6436915843389106
target_CHEMBL2971-1.IC50,787,1.8667292807916838,1.4530538175260468,1.7847224488349864,-1.245908950977321,5.446422934576746,2.261055763215038,0.12797816081009672,-0.7127803788665505,3.3407607369758594,1.2675684391795339,3.3815000000000017,0.2148800000000001,6.898520000000007,1.5827100000000027,0.06948257017237124,-0.19490213971782788,117.00331190340022,51.74957611434222,111.0375,24.0,263.65656565656565,72.63740975116187,0.4457078849633496,-0.6436915843389106
target_CHEMBL2971-1.IC50,787,1.8667292807916838,1.4530538175260468,1.7847224488349864,-1.245908950977321,5.446422934576746,2.261055763215038,0.12797816081009672,-0.7127803788665505,3.3407607369758594,1.2675684391795339,3.3815000000000017,0.2148800000000001,6.898520000000007,1.5827100000000027,0.06948257017237124,-0.19490213971782788,117.00331190340022,51.74957611434222,111.0375,24.0,263.65656565656565,72.63740975116187,0.4457078849633496,-0.6436915843389106
target_CHEMBL4005-1.IC50,1225,1.742601713834111,1.3534969159089232,1.7519124701699076,-6.943014904763713,6.340309353556878,1.6660739813085554,-0.1301890258054397,1.4843333848849367,2.9356888897959195,1.2782936555599609,2.8123199999999997,-2.870829999999992,8.206000000000007,1.6101600000000023,0.28297485647960985,0.6753979813390654,127.13223110900776,50.791076748368596,127.53388822829965,23.91111111111111,311.41666666666663,74.40591397849461,0.36518612657090094,-0.37112673402200924
target_CHEMBL4005-1.IC50,1225,1.742601713834111,1.3534969159089232,1.7519124701699076,-6.943014904763713,6.340309353556878,1.6660739813085554,-0.1301890258054397,1.4843333848849367,2.9356888897959195,1.2782936555599609,2.8123199999999997,-2.870829999999992,8.206000000000007,1.6101600000000023,0.28297485647960985,0.6753979813390654,127.13223110900776,50.791076748368596,127.53388822829965,23.91111111111111,311.41666666666663,74.40591397849461,0.36518612657090094,-0.37112673402200924
target_CHEMBL4005-1.IC50,1225,1.742601713834111,1.3534969159089232,1.7519124701699076,-6.943014904763713,6.340309353556878,1.6660739813085554,-0.1301890258054397,1.4843333848849367,2.9356888897959195,1.2782936555599609,2.8123199999999997,-2.870829999999992,8.206000000000007,1.6101600000000023,0.28297485647960985,0.6753979813390654,127.13223110900776,50.791076748368596,127.53388822829965,23.91111111111111,311.41666666666663,74.40591397849461,0.36518612657090094,-0.37112673402200924
target_CHEMBL1865-1.IC50,694,1.9264411695716237,1.3425283004255184,1.8986148258525963,-1.4622773268087232,7.449612069659187,1.9669427638508559,0.23157134799599688,0.04141333192924579,3.3240192363112406,1.2858470501076555,3.3423400000000014,-0.0034000000000001,8.62310000000001,1.8675850000000027,0.15762282792904903,0.0014812626954481267,70.7196658004034,46.25368886346279,60.42753623188406,5.0,297.2478431372549,53.02142755478331,1.186306496730833,1.7986077614257656
target_CHEMBL1865-1.IC50,694,1.9264411695716237,1.3425283004255184,1.8986148258525963,-1.4622773268087232,7.449612069659187,1.9669427638508559,0.23157134799599688,0.04141333192924579,3.3240192363112406,1.2858470501076555,3.3423400000000014,-0.0034000000000001,8.62310000000001,1.8675850000000027,0.15762282792904903,0.0014812626954481267,70.7196658004034,46.25368886346279,60.42753623188406,5.0,297.2478431372549,53.02142755478331,1.186306496730833,1.7986077614257656
target_CHEMBL1865-1.IC50,694,1.9264411695716237,1.3425283004255184,1.8986148258525963,-1.4622773268087232,7.449612069659187,1.9669427638508559,0.23157134799599688,0.04141333192924579,3.3240192363112406,1.2858470501076555,3.3423400000000014,-0.0034000000000001,8.62310000000001,1.8675850000000027,0.15762282792904903,0.0014812626954481267,70.7196658004034,46.25368886346279,60.42753623188406,5.0,297.2478431372549,53.02142755478331,1.186306496730833,1.7986077614257656
target_CHEMBL4685-2.IC50,213,1.5766330730620992,1.4415945329079327,1.4908169591855287,-2.214027343742265,5.943768638308636,1.6721721110583494,0.06866074564928121,-0.14278447522714943,2.6127084976525836,1.2915099588062993,2.5875199999999996,-0.314019999999999,6.587600000000007,1.663380000000001,0.23280242645704602,-0.31150743982113926,96.00626922798635,102.58108793377205,38.0,12.0,390.1463414634146,85.68797953964194,1.3912780953374972,0.6029789613529299
target_CHEMBL4685-2.IC50,213,1.5766330730620992,1.4415945329079327,1.4908169591855287,-2.214027343742265,5.943768638308636,1.6721721110583494,0.06866074564928121,-0.14278447522714943,2.6127084976525836,1.2915099588062993,2.5875199999999996,-0.314019999999999,6.587600000000007,1.663380000000001,0.23280242645704602,-0.31150743982113926,96.00626922798635,102.58108793377205,38.0,12.0,390.1463414634146,85.68797953964194,1.3912780953374972,0.6029789613529299
target_CHEMBL4685-2.IC50,213,1.5766330730620992,1.4415945329079327,1.4908169591855287,-2.214027343742265,5.943768638308636,1.6721721110583494,0.06866074564928121,-0.14278447522714943,2.6127084976525836,1.2915099588062993,2.5875199999999996,-0.314019999999999,6.587600000000007,1.663380000000001,0.23280242645704602,-0.31150743982113926,96.00626922798635,102.58108793377205,38.0,12.0,390.1463414634146,85.68797953964194,1.3912780953374972,0.6029789613529299
target_CHEMBL4235-3.IC50,377,2.6655277279708693,1.5425639300702392,2.826308334038875,-2.276476900087347,6.148807580542638,2.3977287355184895,-0.15578102987877585,-0.7095990988530589,3.564502705570294,1.080786070821123,3.3912200000000023,1.339299999999999,6.766200000000004,1.5164799999999996,0.3740247932341334,-0.3336230329676968,142.83833143996276,88.85003178332602,119.42424242424242,20.0,321.13059033989265,150.8624060150376,0.4749723154505175,-1.107276034030516
target_CHEMBL4235-3.IC50,377,2.6655277279708693,1.5425639300702392,2.826308334038875,-2.276476900087347,6.148807580542638,2.3977287355184895,-0.15578102987877585,-0.7095990988530589,3.564502705570294,1.080786070821123,3.3912200000000023,1.339299999999999,6.766200000000004,1.5164799999999996,0.3740247932341334,-0.3336230329676968,142.83833143996276,88.85003178332602,119.42424242424242,20.0,321.13059033989265,150.8624060150376,0.4749723154505175,-1.107276034030516
target_CHEMBL4235-3.IC50,377,2.6655277279708693,1.5425639300702392,2.826308334038875,-2.276476900087347,6.148807580542638,2.3977287355184895,-0.15578102987877585,-0.7095990988530589,3.564502705570294,1.080786070821123,3.3912200000000023,1.339299999999999,6.766200000000004,1.5164799999999996,0.3740247932341334,-0.3336230329676968,142.83833143996276,88.85003178332602,119.42424242424242,20.0,321.13059033989265,150.8624060150376,0.4749723154505175,-1.107276034030516
target_CHEMBL4235-2.IC50,229,3.008460932068784,1.5603846256748284,3.0396864196090614,-0.2609545310973296,6.238412588755181,2.39005380190752,-0.08872481859329868,-0.9081614701869034,3.991947947598256,1.213988428735311,3.9296000000000024,1.4394,6.828300000000008,1.6760000000000037,0.15258862661249667,-0.6304387258822812,128.4686990725564,78.45795844873061,123.36623376623376,8.0,343.95652173913044,90.01424242424241,0.7917261852043025,0.14556921663619526
target_CHEMBL4235-2.IC50,229,3.008460932068784,1.5603846256748284,3.0396864196090614,-0.2609545310973296,6.238412588755181,2.39005380190752,-0.08872481859329868,-0.9081614701869034,3.991947947598256,1.213988428735311,3.9296000000000024,1.4394,6.828300000000008,1.6760000000000037,0.15258862661249667,-0.6304387258822812,128.4686990725564,78.45795844873061,123.36623376623376,8.0,343.95652173913044,90.01424242424241,0.7917261852043025,0.14556921663619526
target_CHEMBL4235-2.IC50,229,3.008460932068784,1.5603846256748284,3.0396864196090614,-0.2609545310973296,6.238412588755181,2.39005380190752,-0.08872481859329868,-0.9081614701869034,3.991947947598256,1.213988428735311,3.9296000000000024,1.4394,6.828300000000008,1.6760000000000037,0.15258862661249667,-0.6304387258822812,128.4686990725564,78.45795844873061,123.36623376623376,8.0,343.95652173913044,90.01424242424241,0.7917261852043025,0.14556921663619526
target_CHEMBL4822-1.IC50,1234,2.4086440424629765,1.397616126153483,2.3516224054255073,-12.291449855280154,6.8663142277461695,1.5327922285237567,-1.6387390965413673,14.223592205274375,3.783014983792546,1.006056514691801,3.711750000000003,-1.736100000000004,7.792800000000004,1.2493950000000025,0.36828298738606,1.1023755832124627,125.33452553570277,68.11410562996655,109.48221343873516,8.0,334.8972972972973,84.0189328063241,0.9209207713281911,0.16962660333406054
target_CHEMBL4822-1.IC50,1234,2.4086440424629765,1.397616126153483,2.3516224054255073,-12.291449855280154,6.8663142277461695,1.5327922285237567,-1.6387390965413673,14.223592205274375,3.783014983792546,1.006056514691801,3.711750000000003,-1.736100000000004,7.792800000000004,1.2493950000000025,0.36828298738606,1.1023755832124627,125.33452553570277,68.11410562996655,109.48221343873516,8.0,334.8972972972973,84.0189328063241,0.9209207713281911,0.16962660333406054
target_CHEMBL4822-1.IC50,1234,2.4086440424629765,1.397616126153483,2.3516224054255073,-12.291449855280154,6.8663142277461695,1.5327922285237567,-1.6387390965413673,14.223592205274375,3.783014983792546,1.006056514691801,3.711750000000003,-1.736100000000004,7.792800000000004,1.2493950000000025,0.36828298738606,1.1023755832124627,125.33452553570277,68.11410562996655,109.48221343873516,8.0,334.8972972972973,84.0189328063241,0.9209207713281911,0.16962660333406054
target_CHEMBL3267-1.IC50,650,2.219909785549133,1.2802519150265814,2.261874168692402,-6.943014904763713,6.340309353556878,1.6767447505265751,-0.5345359294033415,3.6576234794566966,3.413333446153848,1.2824039314996891,3.397060000000001,-2.870829999999992,6.985040000000005,1.5277850000000015,-0.05795665038150366,0.6466441909478173,134.8631673461222,69.76229190071759,129.95098039215685,23.91111111111111,380.2109375,108.91068356410891,0.4283593080166299,-0.529012557793322
target_CHEMBL3267-1.IC50,650,2.219909785549133,1.2802519150265814,2.261874168692402,-6.943014904763713,6.340309353556878,1.6767447505265751,-0.5345359294033415,3.6576234794566966,3.413333446153848,1.2824039314996891,3.397060000000001,-2.870829999999992,6.985040000000005,1.5277850000000015,-0.05795665038150366,0.6466441909478173,134.8631673461222,69.76229190071759,129.95098039215685,23.91111111111111,380.2109375,108.91068356410891,0.4283593080166299,-0.529012557793322
target_CHEMBL3267-1.IC50,650,2.219909785549133,1.2802519150265814,2.261874168692402,-6.943014904763713,6.340309353556878,1.6767447505265751,-0.5345359294033415,3.6576234794566966,3.413333446153848,1.2824039314996891,3.397060000000001,-2.870829999999992,6.985040000000005,1.5277850000000015,-0.05795665038150366,0.6466441909478173,134.8631673461222,69.76229190071759,129.95098039215685,23.91111111111111,380.2109375,108.91068356410891,0.4283593080166299,-0.529012557793322
target_CHEMBL247-2.IC50,212,2.754175298424597,1.6219834725944355,2.89010960380735,-2.1430257329929967,5.889669249752855,2.0224527588752705,-0.46718387522596766,0.18444209062768202,3.581200094339625,1.3994624276634586,3.639250000000002,-0.2085000000000005,6.529060000000006,2.0238000000000023,-0.10765160664148915,-0.5184820153151732,64.33414146851852,32.74221514650406,54.0,8.0,155.0,47.297925067204304,0.7134776290659384,-0.23624294535094448
target_CHEMBL247-2.IC50,212,2.754175298424597,1.6219834725944355,2.89010960380735,-2.1430257329929967,5.889669249752855,2.0224527588752705,-0.46718387522596766,0.18444209062768202,3.581200094339625,1.3994624276634586,3.639250000000002,-0.2085000000000005,6.529060000000006,2.0238000000000023,-0.10765160664148915,-0.5184820153151732,64.33414146851852,32.74221514650406,54.0,8.0,155.0,47.297925067204304,0.7134776290659384,-0.23624294535094448
target_CHEMBL247-2.IC50,212,2.754175298424597,1.6219834725944355,2.89010960380735,-2.1430257329929967,5.889669249752855,2.0224527588752705,-0.46718387522596766,0.18444209062768202,3.581200094339625,1.3994624276634586,3.639250000000002,-0.2085000000000005,6.529060000000006,2.0238000000000023,-0.10765160664148915,-0.5184820153151732,64.33414146851852,32.74221514650406,54.0,8.0,155.0,47.297925067204304,0.7134776290659384,-0.23624294535094448
target_CHEMBL2148-2.IC50,202,2.1029003474138954,1.3666459924044396,2.1728448298820298,-0.7217479501033545,5.921270175613356,1.5726671313199097,-0.044924051615944365,-0.1875772302968408,3.2329909900990113,1.4174839563815242,3.2521000000000013,0.534100000000001,8.236620000000004,1.8240550000000022,0.12173790906451598,-0.23229641244454324,108.1438999103274,43.554008371383105,104.21774193548387,48.0,267.98036882807855,63.14132104454686,0.635739227115287,0.39436633935537824
target_CHEMBL2148-2.IC50,202,2.1029003474138954,1.3666459924044396,2.1728448298820298,-0.7217479501033545,5.921270175613356,1.5726671313199097,-0.044924051615944365,-0.1875772302968408,3.2329909900990113,1.4174839563815242,3.2521000000000013,0.534100000000001,8.236620000000004,1.8240550000000022,0.12173790906451598,-0.23229641244454324,108.1438999103274,43.554008371383105,104.21774193548387,48.0,267.98036882807855,63.14132104454686,0.635739227115287,0.39436633935537824
target_CHEMBL2148-2.IC50,202,2.1029003474138954,1.3666459924044396,2.1728448298820298,-0.7217479501033545,5.921270175613356,1.5726671313199097,-0.044924051615944365,-0.1875772302968408,3.2329909900990113,1.4174839563815242,3.2521000000000013,0.534100000000001,8.236620000000004,1.8240550000000022,0.12173790906451598,-0.23229641244454324,108.1438999103274,43.554008371383105,104.21774193548387,48.0,267.98036882807855,63.14132104454686,0.635739227115287,0.39436633935537824
target_CHEMBL1163125-4.IC50,281,2.721715242219768,1.0986614070382978,2.707069336935488,-0.3365202728238657,5.97986056078757,1.2370279245481397,0.05262286102875636,0.3766953363982153,3.7251766548042724,0.9349766931603469,3.7040400000000018,0.3885199999999998,6.578020000000005,1.0562999999999994,-0.10918410117561156,0.7380077801135019,112.21566088419092,43.86945108077007,110.900826446281,20.0,216.0,54.204013377926415,0.10242539714822893,-0.1911139783505873
target_CHEMBL1163125-4.IC50,281,2.721715242219768,1.0986614070382978,2.707069336935488,-0.3365202728238657,5.97986056078757,1.2370279245481397,0.05262286102875636,0.3766953363982153,3.7251766548042724,0.9349766931603469,3.7040400000000018,0.3885199999999998,6.578020000000005,1.0562999999999994,-0.10918410117561156,0.7380077801135019,112.21566088419092,43.86945108077007,110.900826446281,20.0,216.0,54.204013377926415,0.10242539714822893,-0.1911139783505873
target_CHEMBL1163125-4.IC50,281,2.721715242219768,1.0986614070382978,2.707069336935488,-0.3365202728238657,5.97986056078757,1.2370279245481397,0.05262286102875636,0.3766953363982153,3.7251766548042724,0.9349766931603469,3.7040400000000018,0.3885199999999998,6.578020000000005,1.0562999999999994,-0.10918410117561156,0.7380077801135019,112.21566088419092,43.86945108077007,110.900826446281,20.0,216.0,54.204013377926415,0.10242539714822893,-0.1911139783505873
target_CHEMBL260-1.IC50,1464,3.4616946696296806,1.5462744743649666,3.635791357339886,-4.321111068711185,7.219085028030912,2.0741331267259544,-0.5965229022724813,0.7171140834065555,4.64142797814208,1.4105615944807979,4.630700000000003,-6.014299999999996,8.793700000000001,1.7588050000000015,-0.8342474454960308,5.04842096866804,115.11229619093112,44.422495197311655,100.0,24.0,270.6949806949807,58.737322163792754,0.5615262705329077,-0.026424529981665223
target_CHEMBL260-1.IC50,1464,3.4616946696296806,1.5462744743649666,3.635791357339886,-4.321111068711185,7.219085028030912,2.0741331267259544,-0.5965229022724813,0.7171140834065555,4.64142797814208,1.4105615944807979,4.630700000000003,-6.014299999999996,8.793700000000001,1.7588050000000015,-0.8342474454960308,5.04842096866804,115.11229619093112,44.422495197311655,100.0,24.0,270.6949806949807,58.737322163792754,0.5615262705329077,-0.026424529981665223
target_CHEMBL260-1.IC50,1464,3.4616946696296806,1.5462744743649666,3.635791357339886,-4.321111068711185,7.219085028030912,2.0741331267259544,-0.5965229022724813,0.7171140834065555,4.64142797814208,1.4105615944807979,4.630700000000003,-6.014299999999996,8.793700000000001,1.7588050000000015,-0.8342474454960308,5.04842096866804,115.11229619093112,44.422495197311655,100.0,24.0,270.6949806949807,58.737322163792754,0.5615262705329077,-0.026424529981665223
target_CHEMBL5763-2.IC50,215,3.312019571842056,1.33056831301998,3.113473703405761,0.3651815310331633,9.537266321014169,1.5111339675886022,0.9430158883686282,2.2793737425915213,4.403376930232561,1.5021900926637346,4.289900000000003,1.0234999999999996,9.6969,1.9425200000000022,0.583737335432739,0.5307577269885493,88.06462073929295,27.56107697248396,88.0,18.0,191.5872093023256,21.55564912280701,1.2019207606967932,4.040657160859998
target_CHEMBL5763-2.IC50,215,3.312019571842056,1.33056831301998,3.113473703405761,0.3651815310331633,9.537266321014169,1.5111339675886022,0.9430158883686282,2.2793737425915213,4.403376930232561,1.5021900926637346,4.289900000000003,1.0234999999999996,9.6969,1.9425200000000022,0.583737335432739,0.5307577269885493,88.06462073929295,27.56107697248396,88.0,18.0,191.5872093023256,21.55564912280701,1.2019207606967932,4.040657160859998
target_CHEMBL5763-2.IC50,215,3.312019571842056,1.33056831301998,3.113473703405761,0.3651815310331633,9.537266321014169,1.5111339675886022,0.9430158883686282,2.2793737425915213,4.403376930232561,1.5021900926637346,4.289900000000003,1.0234999999999996,9.6969,1.9425200000000022,0.583737335432739,0.5307577269885493,88.06462073929295,27.56107697248396,88.0,18.0,191.5872093023256,21.55564912280701,1.2019207606967932,4.040657160859998
target_CHEMBL228-2.IC50,812,2.6500343696043385,1.2999640703371995,2.740568199974984,-1.1969444946465135,6.072704960230542,1.7603466771259066,-0.2632567926053065,-0.06811959336041395,4.089722266009855,1.1559248233961072,4.058270000000004,1.0560999999999998,7.841300000000009,1.4832500000000026,0.226617600350913,0.19950586936342463,71.72410447375778,37.6155346521144,65.10855683269476,20.0,294.03409090909093,37.594773050931806,1.866421139535055,6.396193074683719
target_CHEMBL228-2.IC50,812,2.6500343696043385,1.2999640703371995,2.740568199974984,-1.1969444946465135,6.072704960230542,1.7603466771259066,-0.2632567926053065,-0.06811959336041395,4.089722266009855,1.1559248233961072,4.058270000000004,1.0560999999999998,7.841300000000009,1.4832500000000026,0.226617600350913,0.19950586936342463,71.72410447375778,37.6155346521144,65.10855683269476,20.0,294.03409090909093,37.594773050931806,1.866421139535055,6.396193074683719
target_CHEMBL228-2.IC50,812,2.6500343696043385,1.2999640703371995,2.740568199974984,-1.1969444946465135,6.072704960230542,1.7603466771259066,-0.2632567926053065,-0.06811959336041395,4.089722266009855,1.1559248233961072,4.058270000000004,1.0560999999999998,7.841300000000009,1.4832500000000026,0.226617600350913,0.19950586936342463,71.72410447375778,37.6155346521144,65.10855683269476,20.0,294.03409090909093,37.594773050931806,1.866421139535055,6.396193074683719
target_CHEMBL3717-1.IC50,1332,3.1953548441909048,1.3998451484177787,3.363712476129935,-1.5193937617435176,6.640955187797614,2.072105966645932,-0.25445563545663796,-0.5108374609820525,4.6500332282282315,1.7099656130820322,4.628750000000003,0.3160700000000001,9.299199999999995,2.5285500000000027,0.046428616447999234,-0.7038103955971389,154.44484215781938,56.724395009565406,145.0,39.0,398.1567567567568,91.17279821627648,0.43859645999585056,-0.39574554590414524
target_CHEMBL3717-1.IC50,1332,3.1953548441909048,1.3998451484177787,3.363712476129935,-1.5193937617435176,6.640955187797614,2.072105966645932,-0.25445563545663796,-0.5108374609820525,4.6500332282282315,1.7099656130820322,4.628750000000003,0.3160700000000001,9.299199999999995,2.5285500000000027,0.046428616447999234,-0.7038103955971389,154.44484215781938,56.724395009565406,145.0,39.0,398.1567567567568,91.17279821627648,0.43859645999585056,-0.39574554590414524
target_CHEMBL3717-1.IC50,1332,3.1953548441909048,1.3998451484177787,3.363712476129935,-1.5193937617435176,6.640955187797614,2.072105966645932,-0.25445563545663796,-0.5108374609820525,4.6500332282282315,1.7099656130820322,4.628750000000003,0.3160700000000001,9.299199999999995,2.5285500000000027,0.046428616447999234,-0.7038103955971389,154.44484215781938,56.724395009565406,145.0,39.0,398.1567567567568,91.17279821627648,0.43859645999585056,-0.39574554590414524
target_CHEMBL203-2.IC50,788,3.521555829345522,1.220051499957822,3.465485122050636,-0.3967646626372709,7.340843812454442,1.5983970565173684,0.030033651905551663,0.5509470454520526,4.4714761928934035,1.1847499299631232,4.503750000000004,0.4900799999999999,8.209500000000006,1.4440950000000021,-0.1281143945922885,0.6666036387007432,102.3715537970268,43.194110869957335,100.0,8.0,313.0734394124847,50.69616620752984,0.331360557239994,0.3964411986887235
target_CHEMBL203-2.IC50,788,3.521555829345522,1.220051499957822,3.465485122050636,-0.3967646626372709,7.340843812454442,1.5983970565173684,0.030033651905551663,0.5509470454520526,4.4714761928934035,1.1847499299631232,4.503750000000004,0.4900799999999999,8.209500000000006,1.4440950000000021,-0.1281143945922885,0.6666036387007432,102.3715537970268,43.194110869957335,100.0,8.0,313.0734394124847,50.69616620752984,0.331360557239994,0.3964411986887235
target_CHEMBL203-2.IC50,788,3.521555829345522,1.220051499957822,3.465485122050636,-0.3967646626372709,7.340843812454442,1.5983970565173684,0.030033651905551663,0.5509470454520526,4.4714761928934035,1.1847499299631232,4.503750000000004,0.4900799999999999,8.209500000000006,1.4440950000000021,-0.1281143945922885,0.6666036387007432,102.3715537970268,43.194110869957335,100.0,8.0,313.0734394124847,50.69616620752984,0.331360557239994,0.3964411986887235
target_CHEMBL1741186-2.IC50,287,3.2785988339508187,1.1512067016538081,3.0431847136131176,0.6303723888260699,6.792438863490185,1.3270057247914493,0.794225267485399,0.28697427882165627,5.161104111498261,0.8567531772152073,5.078080000000005,3.0214000000000016,7.494000000000006,1.16467,0.15634868271271743,-0.3128610715192237,126.01258809005085,52.614458223400895,116.0,34.0,314.04135737009545,59.56594399277327,1.0600756014239696,1.1868301378498298
target_CHEMBL1741186-2.IC50,287,3.2785988339508187,1.1512067016538081,3.0431847136131176,0.6303723888260699,6.792438863490185,1.3270057247914493,0.794225267485399,0.28697427882165627,5.161104111498261,0.8567531772152073,5.078080000000005,3.0214000000000016,7.494000000000006,1.16467,0.15634868271271743,-0.3128610715192237,126.01258809005085,52.614458223400895,116.0,34.0,314.04135737009545,59.56594399277327,1.0600756014239696,1.1868301378498298
target_CHEMBL1741186-2.IC50,287,3.2785988339508187,1.1512067016538081,3.0431847136131176,0.6303723888260699,6.792438863490185,1.3270057247914493,0.794225267485399,0.28697427882165627,5.161104111498261,0.8567531772152073,5.078080000000005,3.0214000000000016,7.494000000000006,1.16467,0.15634868271271743,-0.3128610715192237,126.01258809005085,52.614458223400895,116.0,34.0,314.04135737009545,59.56594399277327,1.0600756014239696,1.1868301378498298
target_CHEMBL243-1.IC50,966,2.9273259948016124,2.140316758360645,2.8386113131411017,-7.638978037133791,7.660655137059267,2.9451357102468902,-0.5213924008827985,1.2308344690249031,4.216423540372675,1.86910400226948,4.079100000000001,-3.155200000000001,9.10542,2.487525000000003,-0.08368627711979729,0.20527312478254078,130.85212852343574,53.16626231650306,132.79782608695652,18.0,492.1243902439024,56.89516317016317,1.3551563690309174,4.6579482435982555
target_CHEMBL243-1.IC50,966,2.9273259948016124,2.140316758360645,2.8386113131411017,-7.638978037133791,7.660655137059267,2.9451357102468902,-0.5213924008827985,1.2308344690249031,4.216423540372675,1.86910400226948,4.079100000000001,-3.155200000000001,9.10542,2.487525000000003,-0.08368627711979729,0.20527312478254078,130.85212852343574,53.16626231650306,132.79782608695652,18.0,492.1243902439024,56.89516317016317,1.3551563690309174,4.6579482435982555
target_CHEMBL243-1.IC50,966,2.9273259948016124,2.140316758360645,2.8386113131411017,-7.638978037133791,7.660655137059267,2.9451357102468902,-0.5213924008827985,1.2308344690249031,4.216423540372675,1.86910400226948,4.079100000000001,-3.155200000000001,9.10542,2.487525000000003,-0.08368627711979729,0.20527312478254078,130.85212852343574,53.16626231650306,132.79782608695652,18.0,492.1243902439024,56.89516317016317,1.3551563690309174,4.6579482435982555
target_CHEMBL5145-2.IC50,232,3.077892353302046,1.476133714878553,2.6675911174757783,0.5518737832938087,7.453395755569722,1.6279796958617347,0.8709574124603845,0.18990045573588565,4.393633534482761,1.4588348781054923,4.135050000000003,1.6935999999999998,8.944899999999999,1.6183500000000022,0.9013032780675716,0.769689364583011,113.44907537247798,37.66733901036582,114.0,32.0,221.10755148741416,56.0,0.06028198616525284,-0.5233772446725404
target_CHEMBL5145-2.IC50,232,3.077892353302046,1.476133714878553,2.6675911174757783,0.5518737832938087,7.453395755569722,1.6279796958617347,0.8709574124603845,0.18990045573588565,4.393633534482761,1.4588348781054923,4.135050000000003,1.6935999999999998,8.944899999999999,1.6183500000000022,0.9013032780675716,0.769689364583011,113.44907537247798,37.66733901036582,114.0,32.0,221.10755148741416,56.0,0.06028198616525284,-0.5233772446725404
target_CHEMBL5145-2.IC50,232,3.077892353302046,1.476133714878553,2.6675911174757783,0.5518737832938087,7.453395755569722,1.6279796958617347,0.8709574124603845,0.18990045573588565,4.393633534482761,1.4588348781054923,4.135050000000003,1.6935999999999998,8.944899999999999,1.6183500000000022,0.9013032780675716,0.769689364583011,113.44907537247798,37.66733901036582,114.0,32.0,221.10755148741416,56.0,0.06028198616525284,-0.5233772446725404
target_CHEMBL279-1.IC50,1659,3.2878698535066553,1.2462779567282927,3.4572008494036335,-2.284806173506895,6.942454399410598,1.6346961832700209,-0.4932062396923122,0.488026804880453,4.608089252561787,1.1992375737364158,4.643320000000003,0.1405,8.122000000000003,1.5825349999999987,-0.21456904888228412,0.2412326906752642,109.92311360472404,55.948479294440965,92.0,20.0,398.1567567567568,59.38861711013004,1.5246120240098984,2.9940385258614626
target_CHEMBL279-1.IC50,1659,3.2878698535066553,1.2462779567282927,3.4572008494036335,-2.284806173506895,6.942454399410598,1.6346961832700209,-0.4932062396923122,0.488026804880453,4.608089252561787,1.1992375737364158,4.643320000000003,0.1405,8.122000000000003,1.5825349999999987,-0.21456904888228412,0.2412326906752642,109.92311360472404,55.948479294440965,92.0,20.0,398.1567567567568,59.38861711013004,1.5246120240098984,2.9940385258614626
target_CHEMBL279-1.IC50,1659,3.2878698535066553,1.2462779567282927,3.4572008494036335,-2.284806173506895,6.942454399410598,1.6346961832700209,-0.4932062396923122,0.488026804880453,4.608089252561787,1.1992375737364158,4.643320000000003,0.1405,8.122000000000003,1.5825349999999987,-0.21456904888228412,0.2412326906752642,109.92311360472404,55.948479294440965,92.0,20.0,398.1567567567568,59.38861711013004,1.5246120240098984,2.9940385258614626
target_CHEMBL4078-1.IC50,2016,3.3703654344828498,1.5120391360076872,3.1814486372924726,-0.5768962377544721,10.590757604559,1.9479875888921105,0.5059016535407936,0.5145765456304994,4.816098318452385,1.5586120622018163,4.669520000000005,-0.4005999999999994,10.870339999999992,2.1885500000000033,0.3885966457380476,0.04974406373068696,115.6262428983779,111.89392068618396,85.0214116512291,7.0,1207.391304347826,72.0614478114478,3.9714057040126605,22.26469162788358
target_CHEMBL4078-1.IC50,2016,3.3703654344828498,1.5120391360076872,3.1814486372924726,-0.5768962377544721,10.590757604559,1.9479875888921105,0.5059016535407936,0.5145765456304994,4.816098318452385,1.5586120622018163,4.669520000000005,-0.4005999999999994,10.870339999999992,2.1885500000000033,0.3885966457380476,0.04974406373068696,115.6262428983779,111.89392068618396,85.0214116512291,7.0,1207.391304347826,72.0614478114478,3.9714057040126605,22.26469162788358
target_CHEMBL4078-1.IC50,2016,3.3703654344828498,1.5120391360076872,3.1814486372924726,-0.5768962377544721,10.590757604559,1.9479875888921105,0.5059016535407936,0.5145765456304994,4.816098318452385,1.5586120622018163,4.669520000000005,-0.4005999999999994,10.870339999999992,2.1885500000000033,0.3885966457380476,0.04974406373068696,115.6262428983779,111.89392068618396,85.0214116512291,7.0,1207.391304347826,72.0614478114478,3.9714057040126605,22.26469162788358
target_CHEMBL4235-1.IC50,615,2.0712821530162486,1.8657355948356962,1.6270789539244772,-1.6855952176406983,7.101135280938432,3.0151597907213903,0.45455295208019114,-0.8267097521781408,3.5744872195121973,1.2283077093317551,3.4837000000000025,0.7821999999999996,8.037900000000006,1.6613900000000026,0.45355484878109015,0.08072958116125051,147.63554687087853,75.41826726132332,135.97701149425288,23.947368421052634,330.9268292682927,128.44986461840625,0.39287954750136694,-1.1213754603910397
target_CHEMBL4235-1.IC50,615,2.0712821530162486,1.8657355948356962,1.6270789539244772,-1.6855952176406983,7.101135280938432,3.0151597907213903,0.45455295208019114,-0.8267097521781408,3.5744872195121973,1.2283077093317551,3.4837000000000025,0.7821999999999996,8.037900000000006,1.6613900000000026,0.45355484878109015,0.08072958116125051,147.63554687087853,75.41826726132332,135.97701149425288,23.947368421052634,330.9268292682927,128.44986461840625,0.39287954750136694,-1.1213754603910397
target_CHEMBL4235-1.IC50,615,2.0712821530162486,1.8657355948356962,1.6270789539244772,-1.6855952176406983,7.101135280938432,3.0151597907213903,0.45455295208019114,-0.8267097521781408,3.5744872195121973,1.2283077093317551,3.4837000000000025,0.7821999999999996,8.037900000000006,1.6613900000000026,0.45355484878109015,0.08072958116125051,147.63554687087853,75.41826726132332,135.97701149425288,23.947368421052634,330.9268292682927,128.44986461840625,0.39287954750136694,-1.1213754603910397
target_CHEMBL262-1.IC50,817,2.292490796622721,1.8617664445378364,2.147144143938356,-2.78550790565901,7.0020931792829,2.4976050540495516,0.04401840295074086,-0.23204162718018706,3.605032570379439,1.4525312221454518,3.550700000000002,-2.0239999999999956,7.938000000000008,1.824600000000002,0.20379906695652564,0.39636701804509444,97.4103016690578,42.18250135787702,92.0,20.0,398.1567567567568,38.901856763925736,1.7219222740328983,7.266539463535015
target_CHEMBL262-1.IC50,817,2.292490796622721,1.8617664445378364,2.147144143938356,-2.78550790565901,7.0020931792829,2.4976050540495516,0.04401840295074086,-0.23204162718018706,3.605032570379439,1.4525312221454518,3.550700000000002,-2.0239999999999956,7.938000000000008,1.824600000000002,0.20379906695652564,0.39636701804509444,97.4103016690578,42.18250135787702,92.0,20.0,398.1567567567568,38.901856763925736,1.7219222740328983,7.266539463535015
target_CHEMBL262-1.IC50,817,2.292490796622721,1.8617664445378364,2.147144143938356,-2.78550790565901,7.0020931792829,2.4976050540495516,0.04401840295074086,-0.23204162718018706,3.605032570379439,1.4525312221454518,3.550700000000002,-2.0239999999999956,7.938000000000008,1.824600000000002,0.20379906695652564,0.39636701804509444,97.4103016690578,42.18250135787702,92.0,20.0,398.1567567567568,38.901856763925736,1.7219222740328983,7.266539463535015
target_CHEMBL3471-1.IC50,1557,1.438817446951557,1.9314963303064967,1.3918703735443978,-6.216300063224181,8.29959231652009,2.6197330503718965,0.038342272968157856,0.47081203197986055,2.919717899807323,1.5619068388179551,2.8301000000000016,-2.6808799999999944,10.174899999999996,2.0643200000000026,0.6398903846258346,1.2320505452656239,78.34894595171437,56.12690821165711,62.40133779264214,0.0,495.0,45.0,3.06693361642908,14.11862360692755
target_CHEMBL3471-1.IC50,1557,1.438817446951557,1.9314963303064967,1.3918703735443978,-6.216300063224181,8.29959231652009,2.6197330503718965,0.038342272968157856,0.47081203197986055,2.919717899807323,1.5619068388179551,2.8301000000000016,-2.6808799999999944,10.174899999999996,2.0643200000000026,0.6398903846258346,1.2320505452656239,78.34894595171437,56.12690821165711,62.40133779264214,0.0,495.0,45.0,3.06693361642908,14.11862360692755
target_CHEMBL3471-1.IC50,1557,1.438817446951557,1.9314963303064967,1.3918703735443978,-6.216300063224181,8.29959231652009,2.6197330503718965,0.038342272968157856,0.47081203197986055,2.919717899807323,1.5619068388179551,2.8301000000000016,-2.6808799999999944,10.174899999999996,2.0643200000000026,0.6398903846258346,1.2320505452656239,78.34894595171437,56.12690821165711,62.40133779264214,0.0,495.0,45.0,3.06693361642908,14.11862360692755
target_CHEMBL1865-2.IC50,339,1.766045614607163,1.1983416284969899,1.73814216310408,-2.055566865153091,4.943603834284908,1.5944522366963725,-0.11575367347383045,0.1786325680535472,2.869134631268438,1.084890670224028,2.8307,-0.8222000000000003,6.0183000000000035,1.4490300000000023,-0.20711630733433078,0.19829305490106997,66.41306586537334,36.25624124742282,58.285714285714285,5.0,253.87949260042285,43.0,1.0630479893316938,2.630374405386741
target_CHEMBL1865-2.IC50,339,1.766045614607163,1.1983416284969899,1.73814216310408,-2.055566865153091,4.943603834284908,1.5944522366963725,-0.11575367347383045,0.1786325680535472,2.869134631268438,1.084890670224028,2.8307,-0.8222000000000003,6.0183000000000035,1.4490300000000023,-0.20711630733433078,0.19829305490106997,66.41306586537334,36.25624124742282,58.285714285714285,5.0,253.87949260042285,43.0,1.0630479893316938,2.630374405386741
target_CHEMBL1865-2.IC50,339,1.766045614607163,1.1983416284969899,1.73814216310408,-2.055566865153091,4.943603834284908,1.5944522366963725,-0.11575367347383045,0.1786325680535472,2.869134631268438,1.084890670224028,2.8307,-0.8222000000000003,6.0183000000000035,1.4490300000000023,-0.20711630733433078,0.19829305490106997,66.41306586537334,36.25624124742282,58.285714285714285,5.0,253.87949260042285,43.0,1.0630479893316938,2.630374405386741
target_CHEMBL4685-1.IC50,557,1.6852965277189367,1.5556605387504068,1.6772296008757304,-6.9215045560579105,6.159754080769671,2.0983231951135943,-0.6200075138576295,2.1312671586961693,2.9665407360861766,1.2617189285834158,2.894100000000001,-1.2704999999999989,7.032300000000006,1.8360000000000012,0.07468892036412848,-0.1444987938496003,73.36440698001144,47.48851268255607,67.22689075630252,2.0,225.7135135135135,48.625,0.9667738355415615,1.1696756067060683
target_CHEMBL4685-1.IC50,557,1.6852965277189367,1.5556605387504068,1.6772296008757304,-6.9215045560579105,6.159754080769671,2.0983231951135943,-0.6200075138576295,2.1312671586961693,2.9665407360861766,1.2617189285834158,2.894100000000001,-1.2704999999999989,7.032300000000006,1.8360000000000012,0.07468892036412848,-0.1444987938496003,73.36440698001144,47.48851268255607,67.22689075630252,2.0,225.7135135135135,48.625,0.9667738355415615,1.1696756067060683
target_CHEMBL4685-1.IC50,557,1.6852965277189367,1.5556605387504068,1.6772296008757304,-6.9215045560579105,6.159754080769671,2.0983231951135943,-0.6200075138576295,2.1312671586961693,2.9665407360861766,1.2617189285834158,2.894100000000001,-1.2704999999999989,7.032300000000006,1.8360000000000012,0.07468892036412848,-0.1444987938496003,73.36440698001144,47.48851268255607,67.22689075630252,2.0,225.7135135135135,48.625,0.9667738355415615,1.1696756067060683
target_CHEMBL4015-1.IC50,485,2.003312613122434,1.0792909344673738,1.9048487668867284,-1.1102389982923904,5.587037640862953,1.3901221089828266,0.5028110140308175,0.2760433858910236,3.9478887835051575,1.0706741072551726,3.8097400000000023,1.3941400000000013,6.847700000000006,1.6373000000000024,0.33391708811310566,-0.6126157741094835,117.2901560730689,55.148145354319674,105.4016620498615,26.0,275.6392649903288,103.77142857142857,0.3949180270438779,-0.9787081385455045
target_CHEMBL4015-1.IC50,485,2.003312613122434,1.0792909344673738,1.9048487668867284,-1.1102389982923904,5.587037640862953,1.3901221089828266,0.5028110140308175,0.2760433858910236,3.9478887835051575,1.0706741072551726,3.8097400000000023,1.3941400000000013,6.847700000000006,1.6373000000000024,0.33391708811310566,-0.6126157741094835,117.2901560730689,55.148145354319674,105.4016620498615,26.0,275.6392649903288,103.77142857142857,0.3949180270438779,-0.9787081385455045
target_CHEMBL4015-1.IC50,485,2.003312613122434,1.0792909344673738,1.9048487668867284,-1.1102389982923904,5.587037640862953,1.3901221089828266,0.5028110140308175,0.2760433858910236,3.9478887835051575,1.0706741072551726,3.8097400000000023,1.3941400000000013,6.847700000000006,1.6373000000000024,0.33391708811310566,-0.6126157741094835,117.2901560730689,55.148145354319674,105.4016620498615,26.0,275.6392649903288,103.77142857142857,0.3949180270438779,-0.9787081385455045
target_CHEMBL1974-2.IC50,201,2.849557140879621,1.1951696488457246,3.1023539921546384,-0.2535247603036736,4.92131369185032,1.7971831487114727,-0.43427192242898244,-0.6555575057365246,4.297537711442788,1.1753017820256804,4.397400000000002,0.9993000000000016,6.750600000000006,1.5281000000000011,-0.36352150892157997,-0.3166684747351125,107.04770853553404,53.43246897493871,88.86956521739131,45.0,277.2578524470416,94.60188087774293,0.5296729134484298,-0.7073753381893986
target_CHEMBL1974-2.IC50,201,2.849557140879621,1.1951696488457246,3.1023539921546384,-0.2535247603036736,4.92131369185032,1.7971831487114727,-0.43427192242898244,-0.6555575057365246,4.297537711442788,1.1753017820256804,4.397400000000002,0.9993000000000016,6.750600000000006,1.5281000000000011,-0.36352150892157997,-0.3166684747351125,107.04770853553404,53.43246897493871,88.86956521739131,45.0,277.2578524470416,94.60188087774293,0.5296729134484298,-0.7073753381893986
target_CHEMBL1974-2.IC50,201,2.849557140879621,1.1951696488457246,3.1023539921546384,-0.2535247603036736,4.92131369185032,1.7971831487114727,-0.43427192242898244,-0.6555575057365246,4.297537711442788,1.1753017820256804,4.397400000000002,0.9993000000000016,6.750600000000006,1.5281000000000011,-0.36352150892157997,-0.3166684747351125,107.04770853553404,53.43246897493871,88.86956521739131,45.0,277.2578524470416,94.60188087774293,0.5296729134484298,-0.7073753381893986
target_CHEMBL4794-1.IC50,227,3.5276771497169914,1.233286967823936,3.485409008900933,0.1752005736729895,6.772187257392364,1.5369747236018734,0.004708869191950743,0.0444903266366965,4.654857180616744,1.341363993341378,4.681300000000003,0.6153999999999997,8.044800000000008,1.8337000000000017,-0.26047155049561466,0.034738056339735035,89.63931477003906,42.153773372766956,96.02652519893898,0.0,298.95429472025216,52.57350701175665,-0.14635403739222236,1.9340167315263113
target_CHEMBL4794-1.IC50,227,3.5276771497169914,1.233286967823936,3.485409008900933,0.1752005736729895,6.772187257392364,1.5369747236018734,0.004708869191950743,0.0444903266366965,4.654857180616744,1.341363993341378,4.681300000000003,0.6153999999999997,8.044800000000008,1.8337000000000017,-0.26047155049561466,0.034738056339735035,89.63931477003906,42.153773372766956,96.02652519893898,0.0,298.95429472025216,52.57350701175665,-0.14635403739222236,1.9340167315263113
target_CHEMBL4794-1.IC50,227,3.5276771497169914,1.233286967823936,3.485409008900933,0.1752005736729895,6.772187257392364,1.5369747236018734,0.004708869191950743,0.0444903266366965,4.654857180616744,1.341363993341378,4.681300000000003,0.6153999999999997,8.044800000000008,1.8337000000000017,-0.26047155049561466,0.034738056339735035,89.63931477003906,42.153773372766956,96.02652519893898,0.0,298.95429472025216,52.57350701175665,-0.14635403739222236,1.9340167315263113
target_CHEMBL1163125-2.IC50,222,0.798158943804989,1.6183047935928376,0.3949840746393892,-1.652938860090488,5.25372202160986,2.2958717624408718,0.7197765449991044,-0.47811055604015085,2.7929603603603614,1.0614262737514213,2.73325,0.7726200000000016,6.003500000000005,1.5766700000000031,0.34461856779501693,-0.47628419175547476,113.9344732584074,43.48519614275468,111.47150997150996,20.0,227.5,76.4328547964262,0.08800353581569634,-0.6719111036983625
target_CHEMBL1163125-2.IC50,222,0.798158943804989,1.6183047935928376,0.3949840746393892,-1.652938860090488,5.25372202160986,2.2958717624408718,0.7197765449991044,-0.47811055604015085,2.7929603603603614,1.0614262737514213,2.73325,0.7726200000000016,6.003500000000005,1.5766700000000031,0.34461856779501693,-0.47628419175547476,113.9344732584074,43.48519614275468,111.47150997150996,20.0,227.5,76.4328547964262,0.08800353581569634,-0.6719111036983625
target_CHEMBL1163125-2.IC50,222,0.798158943804989,1.6183047935928376,0.3949840746393892,-1.652938860090488,5.25372202160986,2.2958717624408718,0.7197765449991044,-0.47811055604015085,2.7929603603603614,1.0614262737514213,2.73325,0.7726200000000016,6.003500000000005,1.5766700000000031,0.34461856779501693,-0.47628419175547476,113.9344732584074,43.48519614275468,111.47150997150996,20.0,227.5,76.4328547964262,0.08800353581569634,-0.6719111036983625
target_CHEMBL1163125-3.IC50,365,2.8813361077441684,1.1725917762929305,3.0211698692565663,-1.15414925763951,5.530050984296673,1.454015492578478,-0.45952313136175343,0.2613080744746217,4.021181972602743,1.0197612582819588,3.9538400000000022,1.7094399999999998,6.9339600000000035,1.4063600000000012,0.20234543850410075,-0.4057135591777832,126.27263490382971,61.36945333272914,116.26896551724138,28.0,410.7063829787234,77.73122529644269,1.3106399716699544,2.721083684783668
target_CHEMBL1163125-3.IC50,365,2.8813361077441684,1.1725917762929305,3.0211698692565663,-1.15414925763951,5.530050984296673,1.454015492578478,-0.45952313136175343,0.2613080744746217,4.021181972602743,1.0197612582819588,3.9538400000000022,1.7094399999999998,6.9339600000000035,1.4063600000000012,0.20234543850410075,-0.4057135591777832,126.27263490382971,61.36945333272914,116.26896551724138,28.0,410.7063829787234,77.73122529644269,1.3106399716699544,2.721083684783668
target_CHEMBL1163125-3.IC50,365,2.8813361077441684,1.1725917762929305,3.0211698692565663,-1.15414925763951,5.530050984296673,1.454015492578478,-0.45952313136175343,0.2613080744746217,4.021181972602743,1.0197612582819588,3.9538400000000022,1.7094399999999998,6.9339600000000035,1.4063600000000012,0.20234543850410075,-0.4057135591777832,126.27263490382971,61.36945333272914,116.26896551724138,28.0,410.7063829787234,77.73122529644269,1.3106399716699544,2.721083684783668
target_CHEMBL2971-2.IC50,206,1.5951966554411454,1.1907824858385223,1.6466181773510715,-0.6836005841909619,4.476469648733886,1.7844785784608184,0.1475868192664072,-0.6026871461478671,2.794648058252428,1.141906596094452,3.006300000000001,0.534100000000001,5.366800000000003,1.874230000000002,-0.20449881637659062,-0.8758515754828067,106.93888484077935,41.209572748744996,100.70690661995009,42.0,214.6451612903226,59.03544061302682,0.6918963129001899,0.12189346765663389
target_CHEMBL2971-2.IC50,206,1.5951966554411454,1.1907824858385223,1.6466181773510715,-0.6836005841909619,4.476469648733886,1.7844785784608184,0.1475868192664072,-0.6026871461478671,2.794648058252428,1.141906596094452,3.006300000000001,0.534100000000001,5.366800000000003,1.874230000000002,-0.20449881637659062,-0.8758515754828067,106.93888484077935,41.209572748744996,100.70690661995009,42.0,214.6451612903226,59.03544061302682,0.6918963129001899,0.12189346765663389
target_CHEMBL2971-2.IC50,206,1.5951966554411454,1.1907824858385223,1.6466181773510715,-0.6836005841909619,4.476469648733886,1.7844785784608184,0.1475868192664072,-0.6026871461478671,2.794648058252428,1.141906596094452,3.006300000000001,0.534100000000001,5.366800000000003,1.874230000000002,-0.20449881637659062,-0.8758515754828067,106.93888484077935,41.209572748744996,100.70690661995009,42.0,214.6451612903226,59.03544061302682,0.6918963129001899,0.12189346765663389
target_CHEMBL5251-1.IC50,584,3.115960946962231,1.2468325329324141,3.135512278174071,-0.2074782853124749,6.363859618662399,1.751811825512954,-0.10884703575939607,-0.2754587299406932,4.612449400684935,1.1010535679628202,4.641040000000004,1.21174,7.709600000000006,1.478175000000003,-0.22337835463674485,0.06450598270437746,185.584461872751,71.10739178756006,168.0,48.0,384.8638218923933,109.62166933433764,0.5633939134783226,-0.2919628087904731
target_CHEMBL5251-1.IC50,584,3.115960946962231,1.2468325329324141,3.135512278174071,-0.2074782853124749,6.363859618662399,1.751811825512954,-0.10884703575939607,-0.2754587299406932,4.612449400684935,1.1010535679628202,4.641040000000004,1.21174,7.709600000000006,1.478175000000003,-0.22337835463674485,0.06450598270437746,185.584461872751,71.10739178756006,168.0,48.0,384.8638218923933,109.62166933433764,0.5633939134783226,-0.2919628087904731
target_CHEMBL5251-1.IC50,584,3.115960946962231,1.2468325329324141,3.135512278174071,-0.2074782853124749,6.363859618662399,1.751811825512954,-0.10884703575939607,-0.2754587299406932,4.612449400684935,1.1010535679628202,4.641040000000004,1.21174,7.709600000000006,1.478175000000003,-0.22337835463674485,0.06450598270437746,185.584461872751,71.10739178756006,168.0,48.0,384.8638218923933,109.62166933433764,0.5633939134783226,-0.2919628087904731
target_CHEMBL344-1.IC50,383,3.415533364218978,0.9625154463623091,3.3271661628225875,0.9552427729716966,6.838436384220567,1.2638969568429652,0.5245529938977784,0.9126847555312847,5.240992637075723,0.9982117839663648,5.163280000000005,2.220899999999999,8.231680000000004,1.5016000000000025,0.4083430879626582,0.09567649630232467,120.35192626511865,48.64741314978061,129.4871794871795,28.0,393.7581395348837,46.57085634710427,1.7654006982411647,7.86596287150342
target_CHEMBL344-1.IC50,383,3.415533364218978,0.9625154463623091,3.3271661628225875,0.9552427729716966,6.838436384220567,1.2638969568429652,0.5245529938977784,0.9126847555312847,5.240992637075723,0.9982117839663648,5.163280000000005,2.220899999999999,8.231680000000004,1.5016000000000025,0.4083430879626582,0.09567649630232467,120.35192626511865,48.64741314978061,129.4871794871795,28.0,393.7581395348837,46.57085634710427,1.7654006982411647,7.86596287150342
target_CHEMBL344-1.IC50,383,3.415533364218978,0.9625154463623091,3.3271661628225875,0.9552427729716966,6.838436384220567,1.2638969568429652,0.5245529938977784,0.9126847555312847,5.240992637075723,0.9982117839663648,5.163280000000005,2.220899999999999,8.231680000000004,1.5016000000000025,0.4083430879626582,0.09567649630232467,120.35192626511865,48.64741314978061,129.4871794871795,28.0,393.7581395348837,46.57085634710427,1.7654006982411647,7.86596287150342
target_CHEMBL3229-1.IC50,302,3.3130607192593606,0.9381142311101814,3.251760411485935,0.4622013609957353,6.500682046197139,1.035488387619771,0.23046339083323011,0.562834710265935,4.6688253642384145,1.0364800033933386,4.793850000000004,1.2137,7.001000000000006,1.4515450000000034,-0.418538456493288,0.18746907189822437,118.43509963205088,67.71691821045737,113.68382925472747,6.0,239.1052631578947,92.4349376114082,0.04899924270910211,-1.088879208873374
target_CHEMBL3229-1.IC50,302,3.3130607192593606,0.9381142311101814,3.251760411485935,0.4622013609957353,6.500682046197139,1.035488387619771,0.23046339083323011,0.562834710265935,4.6688253642384145,1.0364800033933386,4.793850000000004,1.2137,7.001000000000006,1.4515450000000034,-0.418538456493288,0.18746907189822437,118.43509963205088,67.71691821045737,113.68382925472747,6.0,239.1052631578947,92.4349376114082,0.04899924270910211,-1.088879208873374
target_CHEMBL3229-1.IC50,302,3.3130607192593606,0.9381142311101814,3.251760411485935,0.4622013609957353,6.500682046197139,1.035488387619771,0.23046339083323011,0.562834710265935,4.6688253642384145,1.0364800033933386,4.793850000000004,1.2137,7.001000000000006,1.4515450000000034,-0.418538456493288,0.18746907189822437,118.43509963205088,67.71691821045737,113.68382925472747,6.0,239.1052631578947,92.4349376114082,0.04899924270910211,-1.088879208873374
target_CHEMBL2409-1.IC50,1231,2.2547683289289675,1.607749999005111,2.396681650097705,-6.799704828288237,6.756706144213321,2.0112829051471675,-0.4944779272053992,1.0990592505469774,3.9452086839967535,1.168596670262184,3.897940000000003,-5.074400000000003,8.052000000000008,1.3892800000000034,-0.08101202778558118,3.137213213510589,96.07712968305464,72.1208748722407,78.13636363636364,0.0,1086.2068965517242,71.04508856682769,3.9399219406086754,36.296304400227875
target_CHEMBL2409-1.IC50,1231,2.2547683289289675,1.607749999005111,2.396681650097705,-6.799704828288237,6.756706144213321,2.0112829051471675,-0.4944779272053992,1.0990592505469774,3.9452086839967535,1.168596670262184,3.897940000000003,-5.074400000000003,8.052000000000008,1.3892800000000034,-0.08101202778558118,3.137213213510589,96.07712968305464,72.1208748722407,78.13636363636364,0.0,1086.2068965517242,71.04508856682769,3.9399219406086754,36.296304400227875
target_CHEMBL2409-1.IC50,1231,2.2547683289289675,1.607749999005111,2.396681650097705,-6.799704828288237,6.756706144213321,2.0112829051471675,-0.4944779272053992,1.0990592505469774,3.9452086839967535,1.168596670262184,3.897940000000003,-5.074400000000003,8.052000000000008,1.3892800000000034,-0.08101202778558118,3.137213213510589,96.07712968305464,72.1208748722407,78.13636363636364,0.0,1086.2068965517242,71.04508856682769,3.9399219406086754,36.296304400227875
target_CHEMBL2039-2.IC50,473,3.4704016486774916,1.447104050169132,3.5850018456025503,-1.514253100862986,6.55334665820782,1.6672243677976817,-0.8422608650670101,1.020548301164637,4.021541078224104,1.0428045150837877,3.9293000000000022,0.3964999999999997,6.5625000000000036,1.425600000000001,-0.1954488090471928,0.1239653257028075,55.179933344902295,17.47437832602304,50.19480519480519,5.0,125.0,21.694736842105257,0.49166560041037605,1.3393046102385373
target_CHEMBL2039-2.IC50,473,3.4704016486774916,1.447104050169132,3.5850018456025503,-1.514253100862986,6.55334665820782,1.6672243677976817,-0.8422608650670101,1.020548301164637,4.021541078224104,1.0428045150837877,3.9293000000000022,0.3964999999999997,6.5625000000000036,1.425600000000001,-0.1954488090471928,0.1239653257028075,55.179933344902295,17.47437832602304,50.19480519480519,5.0,125.0,21.694736842105257,0.49166560041037605,1.3393046102385373
target_CHEMBL2039-2.IC50,473,3.4704016486774916,1.447104050169132,3.5850018456025503,-1.514253100862986,6.55334665820782,1.6672243677976817,-0.8422608650670101,1.020548301164637,4.021541078224104,1.0428045150837877,3.9293000000000022,0.3964999999999997,6.5625000000000036,1.425600000000001,-0.1954488090471928,0.1239653257028075,55.179933344902295,17.47437832602304,50.19480519480519,5.0,125.0,21.694736842105257,0.49166560041037605,1.3393046102385373
target_CHEMBL2039-3.IC50,454,2.56425708604085,1.1886088033362363,2.512803765834942,-1.0877832313383478,7.580919721788057,1.5446111884229765,0.14410616319747685,0.7358560714981786,3.3791915859030857,1.325820629363417,3.374300000000002,0.4166999999999987,11.07609999999999,1.2241000000000026,1.0083266075413218,4.181884088181716,57.0712746639086,30.718444819057577,48.0,5.0,188.92424766516777,35.90425763006408,1.4813425130475146,3.1318163483315438
target_CHEMBL2039-3.IC50,454,2.56425708604085,1.1886088033362363,2.512803765834942,-1.0877832313383478,7.580919721788057,1.5446111884229765,0.14410616319747685,0.7358560714981786,3.3791915859030857,1.325820629363417,3.374300000000002,0.4166999999999987,11.07609999999999,1.2241000000000026,1.0083266075413218,4.181884088181716,57.0712746639086,30.718444819057577,48.0,5.0,188.92424766516777,35.90425763006408,1.4813425130475146,3.1318163483315438
target_CHEMBL2039-3.IC50,454,2.56425708604085,1.1886088033362363,2.512803765834942,-1.0877832313383478,7.580919721788057,1.5446111884229765,0.14410616319747685,0.7358560714981786,3.3791915859030857,1.325820629363417,3.374300000000002,0.4166999999999987,11.07609999999999,1.2241000000000026,1.0083266075413218,4.181884088181716,57.0712746639086,30.718444819057577,48.0,5.0,188.92424766516777,35.90425763006408,1.4813425130475146,3.1318163483315438
target_CHEMBL240-2.IC50,241,2.5343638090103022,1.4645692518277338,2.6771078480813,-1.655542942667784,6.642956560142421,1.7881143973444527,-0.5837657263839383,0.26031915008328754,4.294929128630708,1.2878166140719176,4.462000000000004,1.0458000000000005,8.644300000000001,1.7195800000000023,-0.2597419802970074,0.026987189097020803,124.30719258470849,46.033719350425486,129.54545454545453,20.0,240.98048780487807,69.65387467556545,-0.1919089358690566,-0.5076110399228875
target_CHEMBL240-2.IC50,241,2.5343638090103022,1.4645692518277338,2.6771078480813,-1.655542942667784,6.642956560142421,1.7881143973444527,-0.5837657263839383,0.26031915008328754,4.294929128630708,1.2878166140719176,4.462000000000004,1.0458000000000005,8.644300000000001,1.7195800000000023,-0.2597419802970074,0.026987189097020803,124.30719258470849,46.033719350425486,129.54545454545453,20.0,240.98048780487807,69.65387467556545,-0.1919089358690566,-0.5076110399228875
target_CHEMBL240-2.IC50,241,2.5343638090103022,1.4645692518277338,2.6771078480813,-1.655542942667784,6.642956560142421,1.7881143973444527,-0.5837657263839383,0.26031915008328754,4.294929128630708,1.2878166140719176,4.462000000000004,1.0458000000000005,8.644300000000001,1.7195800000000023,-0.2597419802970074,0.026987189097020803,124.30719258470849,46.033719350425486,129.54545454545453,20.0,240.98048780487807,69.65387467556545,-0.1919089358690566,-0.5076110399228875
target_CHEMBL240-3.IC50,603,2.5066780414122505,1.6257629208355537,2.275276235630888,-1.859755266892018,7.654122697327468,2.024058414599242,0.8241605564025332,0.5899066059520415,4.1775713764510805,1.6813586885895633,4.106100000000003,-0.901499999999998,9.3724,2.1003100000000035,0.5640637519801852,0.8027636089708801,148.0848866649645,56.0793231841706,149.2840909090909,5.0,287.20393120393123,72.05079217148183,-0.480775883030967,0.45166055115560866
target_CHEMBL240-3.IC50,603,2.5066780414122505,1.6257629208355537,2.275276235630888,-1.859755266892018,7.654122697327468,2.024058414599242,0.8241605564025332,0.5899066059520415,4.1775713764510805,1.6813586885895633,4.106100000000003,-0.901499999999998,9.3724,2.1003100000000035,0.5640637519801852,0.8027636089708801,148.0848866649645,56.0793231841706,149.2840909090909,5.0,287.20393120393123,72.05079217148183,-0.480775883030967,0.45166055115560866
target_CHEMBL240-3.IC50,603,2.5066780414122505,1.6257629208355537,2.275276235630888,-1.859755266892018,7.654122697327468,2.024058414599242,0.8241605564025332,0.5899066059520415,4.1775713764510805,1.6813586885895633,4.106100000000003,-0.901499999999998,9.3724,2.1003100000000035,0.5640637519801852,0.8027636089708801,148.0848866649645,56.0793231841706,149.2840909090909,5.0,287.20393120393123,72.05079217148183,-0.480775883030967,0.45166055115560866
target_CHEMBL222-2.IC50,194,1.6213344333729107,0.7024126034262315,1.5334440580546596,0.1029869135320323,3.4739005770176736,1.0351061599235454,0.3420229473924335,-0.2531714057248622,3.053447113402063,0.7192858447854544,3.088500000000001,1.5096999999999994,4.630900000000003,1.1067500000000012,0.18650513652902329,-0.8207137071178146,67.87853809675653,21.370518921454334,66.36160714285715,30.0,126.76470588235291,20.817638339920947,0.8854434620454482,0.8368954272599649
target_CHEMBL222-2.IC50,194,1.6213344333729107,0.7024126034262315,1.5334440580546596,0.1029869135320323,3.4739005770176736,1.0351061599235454,0.3420229473924335,-0.2531714057248622,3.053447113402063,0.7192858447854544,3.088500000000001,1.5096999999999994,4.630900000000003,1.1067500000000012,0.18650513652902329,-0.8207137071178146,67.87853809675653,21.370518921454334,66.36160714285715,30.0,126.76470588235291,20.817638339920947,0.8854434620454482,0.8368954272599649
target_CHEMBL222-2.IC50,194,1.6213344333729107,0.7024126034262315,1.5334440580546596,0.1029869135320323,3.4739005770176736,1.0351061599235454,0.3420229473924335,-0.2531714057248622,3.053447113402063,0.7192858447854544,3.088500000000001,1.5096999999999994,4.630900000000003,1.1067500000000012,0.18650513652902329,-0.8207137071178146,67.87853809675653,21.370518921454334,66.36160714285715,30.0,126.76470588235291,20.817638339920947,0.8854434620454482,0.8368954272599649
target_CHEMBL284-1.IC50,997,0.45813079618480906,1.388070382239173,0.6036025282802182,-6.014347214280787,4.1854949100106005,1.5925380744990674,-0.8752068257685113,2.087426818571325,2.17217923771314,1.2462114105221007,2.2439799999999996,-2.420029999999997,5.068000000000005,1.6092000000000013,-0.45757971824071897,0.3625683099166386,107.03669100010869,51.066758937411834,95.23586206896552,0.0,325.6842105263158,48.98456717587155,1.0840266334850064,2.0080814741641015
target_CHEMBL284-1.IC50,997,0.45813079618480906,1.388070382239173,0.6036025282802182,-6.014347214280787,4.1854949100106005,1.5925380744990674,-0.8752068257685113,2.087426818571325,2.17217923771314,1.2462114105221007,2.2439799999999996,-2.420029999999997,5.068000000000005,1.6092000000000013,-0.45757971824071897,0.3625683099166386,107.03669100010869,51.066758937411834,95.23586206896552,0.0,325.6842105263158,48.98456717587155,1.0840266334850064,2.0080814741641015
target_CHEMBL284-1.IC50,997,0.45813079618480906,1.388070382239173,0.6036025282802182,-6.014347214280787,4.1854949100106005,1.5925380744990674,-0.8752068257685113,2.087426818571325,2.17217923771314,1.2462114105221007,2.2439799999999996,-2.420029999999997,5.068000000000005,1.6092000000000013,-0.45757971824071897,0.3625683099166386,107.03669100010869,51.066758937411834,95.23586206896552,0.0,325.6842105263158,48.98456717587155,1.0840266334850064,2.0080814741641015
