Target,N,LogD_Mean,LogD_SD,LogD_Median,LogD_Min,LogD_Max,LogD_IQR,LogD_Skewness,LogD_Kurtosis,LogP_Mean,LogP_SD,LogP_Median,LogP_Min,LogP_Max,LogP_IQR,LogP_Skewness,LogP_Kurtosis,MCE18_Mean,MCE18_SD,MCE18_Median,MCE18_Min,MCE18_Max,MCE18_IQR,MCE18_Skewness,MCE18_Kurtosis
target_CHEMBL220-1.IC50,1198,3.206854217109436,1.6022428005660452,3.115025838903594,-1.2838218199036104,9.419001588760944,1.8313999704341901,0.2301882251738238,0.6642229270150599,4.860894190317199,1.826473611176955,4.670650000000004,-0.1568199999999995,13.29659999999997,2.057475000000003,0.7057933440734595,1.6439160673114355,140.93293099156398,132.8572843009617,101.52225672877847,0.0,946.9491525423728,93.66036765767066,2.7686785236278006,9.461237696622486
target_CHEMBL220-1.IC50,1198,3.206854217109436,1.6022428005660452,3.115025838903594,-1.2838218199036104,9.419001588760944,1.8313999704341901,0.2301882251738238,0.6642229270150599,4.860894190317199,1.826473611176955,4.670650000000004,-0.1568199999999995,13.29659999999997,2.057475000000003,0.7057933440734595,1.6439160673114355,140.93293099156398,132.8572843009617,101.52225672877847,0.0,946.9491525423728,93.66036765767066,2.7686785236278006,9.461237696622486
target_CHEMBL220-1.IC50,1198,3.206854217109436,1.6022428005660452,3.115025838903594,-1.2838218199036104,9.419001588760944,1.8313999704341901,0.2301882251738238,0.6642229270150599,4.860894190317199,1.826473611176955,4.670650000000004,-0.1568199999999995,13.29659999999997,2.057475000000003,0.7057933440734595,1.6439160673114355,140.93293099156398,132.8572843009617,101.52225672877847,0.0,946.9491525423728,93.66036765767066,2.7686785236278006,9.461237696622486
target_CHEMBL3130-1.IC50,929,2.0486962798000494,1.2264504675785588,2.096159731276753,-6.943014904763713,5.849337395188308,1.7709414762038638,-0.3896129331436264,2.5591215462914025,3.187544919268032,1.1391719900451696,3.2117000000000013,-2.870829999999992,6.662700000000005,1.666820000000003,-0.17161965356008987,0.5176501471556252,157.14662986205212,68.518407788803,159.81090100111237,23.91111111111111,386.8909090909091,106.97142857142856,0.23718439258921925,-0.6104145654834565
target_CHEMBL3130-1.IC50,929,2.0486962798000494,1.2264504675785588,2.096159731276753,-6.943014904763713,5.849337395188308,1.7709414762038638,-0.3896129331436264,2.5591215462914025,3.187544919268032,1.1391719900451696,3.2117000000000013,-2.870829999999992,6.662700000000005,1.666820000000003,-0.17161965356008987,0.5176501471556252,157.14662986205212,68.518407788803,159.81090100111237,23.91111111111111,386.8909090909091,106.97142857142856,0.23718439258921925,-0.6104145654834565
target_CHEMBL3130-1.IC50,929,2.0486962798000494,1.2264504675785588,2.096159731276753,-6.943014904763713,5.849337395188308,1.7709414762038638,-0.3896129331436264,2.5591215462914025,3.187544919268032,1.1391719900451696,3.2117000000000013,-2.870829999999992,6.662700000000005,1.666820000000003,-0.17161965356008987,0.5176501471556252,157.14662986205212,68.518407788803,159.81090100111237,23.91111111111111,386.8909090909091,106.97142857142856,0.23718439258921925,-0.6104145654834565
target_CHEMBL5145-1.IC50,209,2.7878526149292817,1.382340321631179,3.172369432897313,-2.2596020704516193,5.548347584303172,2.4427504590915126,-0.4422368274395338,-0.4911887175163794,4.072286315789476,1.3557751648036578,4.2954000000000025,1.0046,6.6478800000000025,2.2926000000000037,-0.3153947272192147,-0.9959555036969392,100.83121929814894,33.12347122198445,99.87226890756304,51.0,174.3365853658537,43.73333333333332,0.5640797609708426,-0.20687388140146767
target_CHEMBL5145-1.IC50,209,2.7878526149292817,1.382340321631179,3.172369432897313,-2.2596020704516193,5.548347584303172,2.4427504590915126,-0.4422368274395338,-0.4911887175163794,4.072286315789476,1.3557751648036578,4.2954000000000025,1.0046,6.6478800000000025,2.2926000000000037,-0.3153947272192147,-0.9959555036969392,100.83121929814894,33.12347122198445,99.87226890756304,51.0,174.3365853658537,43.73333333333332,0.5640797609708426,-0.20687388140146767
target_CHEMBL5145-1.IC50,209,2.7878526149292817,1.382340321631179,3.172369432897313,-2.2596020704516193,5.548347584303172,2.4427504590915126,-0.4422368274395338,-0.4911887175163794,4.072286315789476,1.3557751648036578,4.2954000000000025,1.0046,6.6478800000000025,2.2926000000000037,-0.3153947272192147,-0.9959555036969392,100.83121929814894,33.12347122198445,99.87226890756304,51.0,174.3365853658537,43.73333333333332,0.5640797609708426,-0.20687388140146767
target_CHEMBL4235-4.IC50,214,2.9511241207821888,1.4791190455778436,3.002684291772537,0.0437800063427995,6.356011091722233,2.1621038549375284,-0.07512004771243194,-0.8386714748423127,4.016830560747667,1.1817679337032572,3.8937500000000025,1.2398999999999991,6.856500000000007,1.5160950000000017,0.016542243624074214,-0.28729129446882196,140.26277959194042,53.69997478520181,133.22722722722722,44.19607843137255,370.5,74.79489552785924,0.9298642511380579,0.8469790957293664
target_CHEMBL4235-4.IC50,214,2.9511241207821888,1.4791190455778436,3.002684291772537,0.0437800063427995,6.356011091722233,2.1621038549375284,-0.07512004771243194,-0.8386714748423127,4.016830560747667,1.1817679337032572,3.8937500000000025,1.2398999999999991,6.856500000000007,1.5160950000000017,0.016542243624074214,-0.28729129446882196,140.26277959194042,53.69997478520181,133.22722722722722,44.19607843137255,370.5,74.79489552785924,0.9298642511380579,0.8469790957293664
target_CHEMBL4235-4.IC50,214,2.9511241207821888,1.4791190455778436,3.002684291772537,0.0437800063427995,6.356011091722233,2.1621038549375284,-0.07512004771243194,-0.8386714748423127,4.016830560747667,1.1817679337032572,3.8937500000000025,1.2398999999999991,6.856500000000007,1.5160950000000017,0.016542243624074214,-0.28729129446882196,140.26277959194042,53.69997478520181,133.22722722722722,44.19607843137255,370.5,74.79489552785924,0.9298642511380579,0.8469790957293664
target_CHEMBL206-1.IC50,470,3.6743109039675588,1.108826378628337,3.7290131981196497,0.2296822920146568,6.985331216020542,1.3305169136640913,-0.12201784982266622,0.3377570892767845,4.92404846808511,1.527462946124999,4.905160000000006,0.7957999999999998,8.387100000000006,2.3503950000000042,-0.17870851267260598,-0.5860722898421122,109.84226908790383,53.41556546897603,115.33333333333331,20.0,308.8993710691824,105.42196969696971,0.3489525064320977,-0.5154471555389248
target_CHEMBL206-1.IC50,470,3.6743109039675588,1.108826378628337,3.7290131981196497,0.2296822920146568,6.985331216020542,1.3305169136640913,-0.12201784982266622,0.3377570892767845,4.92404846808511,1.527462946124999,4.905160000000006,0.7957999999999998,8.387100000000006,2.3503950000000042,-0.17870851267260598,-0.5860722898421122,109.84226908790383,53.41556546897603,115.33333333333331,20.0,308.8993710691824,105.42196969696971,0.3489525064320977,-0.5154471555389248
target_CHEMBL206-1.IC50,470,3.6743109039675588,1.108826378628337,3.7290131981196497,0.2296822920146568,6.985331216020542,1.3305169136640913,-0.12201784982266622,0.3377570892767845,4.92404846808511,1.527462946124999,4.905160000000006,0.7957999999999998,8.387100000000006,2.3503950000000042,-0.17870851267260598,-0.5860722898421122,109.84226908790383,53.41556546897603,115.33333333333331,20.0,308.8993710691824,105.42196969696971,0.3489525064320977,-0.5154471555389248
target_CHEMBL325-1.IC50,1348,2.3170070690747337,1.351232925068181,2.318195062084091,-4.524024738484268,8.402167946718315,1.7618099421508997,0.10575970240777062,1.1664543406872188,3.774459324925818,1.39210698163991,3.7580100000000027,-1.528529999999992,10.505499999999996,1.7865050000000005,0.4276173567333091,1.0311311839372221,80.68179382444036,60.38325335003634,62.398133116883116,5.0,456.18805765271105,52.22818124936799,1.937795813036782,5.941676977498707
target_CHEMBL325-1.IC50,1348,2.3170070690747337,1.351232925068181,2.318195062084091,-4.524024738484268,8.402167946718315,1.7618099421508997,0.10575970240777062,1.1664543406872188,3.774459324925818,1.39210698163991,3.7580100000000027,-1.528529999999992,10.505499999999996,1.7865050000000005,0.4276173567333091,1.0311311839372221,80.68179382444036,60.38325335003634,62.398133116883116,5.0,456.18805765271105,52.22818124936799,1.937795813036782,5.941676977498707
target_CHEMBL325-1.IC50,1348,2.3170070690747337,1.351232925068181,2.318195062084091,-4.524024738484268,8.402167946718315,1.7618099421508997,0.10575970240777062,1.1664543406872188,3.774459324925818,1.39210698163991,3.7580100000000027,-1.528529999999992,10.505499999999996,1.7865050000000005,0.4276173567333091,1.0311311839372221,80.68179382444036,60.38325335003634,62.398133116883116,5.0,456.18805765271105,52.22818124936799,1.937795813036782,5.941676977498707
target_CHEMBL5763-1.IC50,1396,3.4513482007322933,1.5057535277944911,3.306284033826607,-0.3942598923983862,10.590757604559,1.9891376704897765,0.4980551734973613,0.5650667866495911,4.943472063037253,1.5881514088107513,4.842350000000003,0.8525199999999997,10.255599999999998,2.231385000000005,0.32025355443035425,-0.419907023465385,130.96788442915408,134.8712154617313,89.49818181818182,7.0,1207.391304347826,79.76595238095237,4.001575281170294,19.406303798472837
target_CHEMBL5763-1.IC50,1396,3.4513482007322933,1.5057535277944911,3.306284033826607,-0.3942598923983862,10.590757604559,1.9891376704897765,0.4980551734973613,0.5650667866495911,4.943472063037253,1.5881514088107513,4.842350000000003,0.8525199999999997,10.255599999999998,2.231385000000005,0.32025355443035425,-0.419907023465385,130.96788442915408,134.8712154617313,89.49818181818182,7.0,1207.391304347826,79.76595238095237,4.001575281170294,19.406303798472837
target_CHEMBL5763-1.IC50,1396,3.4513482007322933,1.5057535277944911,3.306284033826607,-0.3942598923983862,10.590757604559,1.9891376704897765,0.4980551734973613,0.5650667866495911,4.943472063037253,1.5881514088107513,4.842350000000003,0.8525199999999997,10.255599999999998,2.231385000000005,0.32025355443035425,-0.419907023465385,130.96788442915408,134.8712154617313,89.49818181818182,7.0,1207.391304347826,79.76595238095237,4.001575281170294,19.406303798472837
target_CHEMBL228-1.IC50,195,1.712100090115993,1.3810185038194613,1.6983552769761847,-1.3771180800571616,4.423720655046389,2.281606450423144,-0.10685456706612433,-1.0375361721427563,3.3718702564102583,1.2443171348278648,3.5047000000000015,0.7266999999999999,5.985100000000005,2.011700000000003,-0.0753470878970901,-0.8542222608578394,88.61765110607095,60.630619724746346,70.06060606060606,20.0,253.98966408268737,34.56560393272751,1.5635475977203617,1.3633765055459524
target_CHEMBL228-1.IC50,195,1.712100090115993,1.3810185038194613,1.6983552769761847,-1.3771180800571616,4.423720655046389,2.281606450423144,-0.10685456706612433,-1.0375361721427563,3.3718702564102583,1.2443171348278648,3.5047000000000015,0.7266999999999999,5.985100000000005,2.011700000000003,-0.0753470878970901,-0.8542222608578394,88.61765110607095,60.630619724746346,70.06060606060606,20.0,253.98966408268737,34.56560393272751,1.5635475977203617,1.3633765055459524
target_CHEMBL228-1.IC50,195,1.712100090115993,1.3810185038194613,1.6983552769761847,-1.3771180800571616,4.423720655046389,2.281606450423144,-0.10685456706612433,-1.0375361721427563,3.3718702564102583,1.2443171348278648,3.5047000000000015,0.7266999999999999,5.985100000000005,2.011700000000003,-0.0753470878970901,-0.8542222608578394,88.61765110607095,60.630619724746346,70.06060606060606,20.0,253.98966408268737,34.56560393272751,1.5635475977203617,1.3633765055459524
target_CHEMBL203-1.IC50,226,3.4704438724536595,1.0807856476365556,3.651190249178388,0.5358918059417936,6.1991956220871405,1.2808509544566036,-0.4728489575926998,-0.018065398425940238,4.338114424778764,0.915121667053138,4.319100000000002,2.26452,7.224400000000008,1.3142200000000037,0.19311768114102715,0.13319390127055675,102.86658863016353,55.568239515942814,108.8051282051282,5.0,229.53359683794463,78.30174768042414,0.19785685514821627,-0.7334840218194287
target_CHEMBL203-1.IC50,226,3.4704438724536595,1.0807856476365556,3.651190249178388,0.5358918059417936,6.1991956220871405,1.2808509544566036,-0.4728489575926998,-0.018065398425940238,4.338114424778764,0.915121667053138,4.319100000000002,2.26452,7.224400000000008,1.3142200000000037,0.19311768114102715,0.13319390127055675,102.86658863016353,55.568239515942814,108.8051282051282,5.0,229.53359683794463,78.30174768042414,0.19785685514821627,-0.7334840218194287
target_CHEMBL203-1.IC50,226,3.4704438724536595,1.0807856476365556,3.651190249178388,0.5358918059417936,6.1991956220871405,1.2808509544566036,-0.4728489575926998,-0.018065398425940238,4.338114424778764,0.915121667053138,4.319100000000002,2.26452,7.224400000000008,1.3142200000000037,0.19311768114102715,0.13319390127055675,102.86658863016353,55.568239515942814,108.8051282051282,5.0,229.53359683794463,78.30174768042414,0.19785685514821627,-0.7334840218194287
target_CHEMBL1741186-1.IC50,386,4.031464621449581,1.1779488228820985,4.056721611479974,0.9827218490076554,7.418039615890989,1.7441544812760434,0.06613658008709956,-0.5158599939471178,5.030386062176169,1.0093524148359205,5.048430000000004,1.98268,7.306270000000004,1.4437200000000008,-0.12472835268180947,-0.42828458491804655,107.81565073692029,50.191035639823724,96.0,48.0,316.0186046511628,53.486111111111114,1.2878151843745733,1.118089058062795
target_CHEMBL1741186-1.IC50,386,4.031464621449581,1.1779488228820985,4.056721611479974,0.9827218490076554,7.418039615890989,1.7441544812760434,0.06613658008709956,-0.5158599939471178,5.030386062176169,1.0093524148359205,5.048430000000004,1.98268,7.306270000000004,1.4437200000000008,-0.12472835268180947,-0.42828458491804655,107.81565073692029,50.191035639823724,96.0,48.0,316.0186046511628,53.486111111111114,1.2878151843745733,1.118089058062795
target_CHEMBL1741186-1.IC50,386,4.031464621449581,1.1779488228820985,4.056721611479974,0.9827218490076554,7.418039615890989,1.7441544812760434,0.06613658008709956,-0.5158599939471178,5.030386062176169,1.0093524148359205,5.048430000000004,1.98268,7.306270000000004,1.4437200000000008,-0.12472835268180947,-0.42828458491804655,107.81565073692029,50.191035639823724,96.0,48.0,316.0186046511628,53.486111111111114,1.2878151843745733,1.118089058062795
target_CHEMBL247-1.IC50,1846,2.9061238250016674,1.498304974596316,2.8968691681216274,-5.781822387578472,7.082320571590512,1.7522298642522727,-0.49806366680281505,2.0547684985493717,3.801385622968583,1.1769106483237832,3.734950000000002,-0.1962800000000001,7.426120000000004,1.5114350000000032,0.19044544155304458,0.1538946323833934,73.63483256931026,44.26100412618247,60.0,18.0,301.89473684210526,42.30822123300203,1.5082025112576267,2.618876011727113
target_CHEMBL247-1.IC50,1846,2.9061238250016674,1.498304974596316,2.8968691681216274,-5.781822387578472,7.082320571590512,1.7522298642522727,-0.49806366680281505,2.0547684985493717,3.801385622968583,1.1769106483237832,3.734950000000002,-0.1962800000000001,7.426120000000004,1.5114350000000032,0.19044544155304458,0.1538946323833934,73.63483256931026,44.26100412618247,60.0,18.0,301.89473684210526,42.30822123300203,1.5082025112576267,2.618876011727113
target_CHEMBL247-1.IC50,1846,2.9061238250016674,1.498304974596316,2.8968691681216274,-5.781822387578472,7.082320571590512,1.7522298642522727,-0.49806366680281505,2.0547684985493717,3.801385622968583,1.1769106483237832,3.734950000000002,-0.1962800000000001,7.426120000000004,1.5114350000000032,0.19044544155304458,0.1538946323833934,73.63483256931026,44.26100412618247,60.0,18.0,301.89473684210526,42.30822123300203,1.5082025112576267,2.618876011727113
target_CHEMBL2148-1.IC50,702,1.434779280746289,1.4594493320934252,1.1319594604294472,-2.0672816039630866,6.942454399410598,2.034621761063649,0.6147257523231828,-0.028946965696923233,3.024140783475785,1.2424796907618225,2.9522000000000013,-0.048399999999998,7.928340000000005,1.5699900000000024,0.556074770254598,0.5360214914367694,129.3766195967841,48.8884890838345,124.55172413793102,26.0,376.8067226890756,53.973063973064,0.9114620699844137,1.6222130727505304
target_CHEMBL2148-1.IC50,702,1.434779280746289,1.4594493320934252,1.1319594604294472,-2.0672816039630866,6.942454399410598,2.034621761063649,0.6147257523231828,-0.028946965696923233,3.024140783475785,1.2424796907618225,2.9522000000000013,-0.048399999999998,7.928340000000005,1.5699900000000024,0.556074770254598,0.5360214914367694,129.3766195967841,48.8884890838345,124.55172413793102,26.0,376.8067226890756,53.973063973064,0.9114620699844137,1.6222130727505304
target_CHEMBL2148-1.IC50,702,1.434779280746289,1.4594493320934252,1.1319594604294472,-2.0672816039630866,6.942454399410598,2.034621761063649,0.6147257523231828,-0.028946965696923233,3.024140783475785,1.2424796907618225,2.9522000000000013,-0.048399999999998,7.928340000000005,1.5699900000000024,0.556074770254598,0.5360214914367694,129.3766195967841,48.8884890838345,124.55172413793102,26.0,376.8067226890756,53.973063973064,0.9114620699844137,1.6222130727505304
target_CHEMBL260-2.IC50,286,3.262281509238688,1.3289550113323527,3.264595781619821,-0.470748753971289,6.020737083454429,1.8958639313696959,-0.17073665705860905,-0.26606684121539725,4.552828811188814,1.2772865675183451,4.513960000000003,1.1322000000000003,7.662920000000007,1.602920000000001,0.1310648433781834,0.015386062442658943,123.29490231295846,31.24239966891959,130.0,42.0,222.27272727272728,47.5707100591716,0.18921657567529634,0.5182840800628004
target_CHEMBL260-2.IC50,286,3.262281509238688,1.3289550113323527,3.264595781619821,-0.470748753971289,6.020737083454429,1.8958639313696959,-0.17073665705860905,-0.26606684121539725,4.552828811188814,1.2772865675183451,4.513960000000003,1.1322000000000003,7.662920000000007,1.602920000000001,0.1310648433781834,0.015386062442658943,123.29490231295846,31.24239966891959,130.0,42.0,222.27272727272728,47.5707100591716,0.18921657567529634,0.5182840800628004
target_CHEMBL260-2.IC50,286,3.262281509238688,1.3289550113323527,3.264595781619821,-0.470748753971289,6.020737083454429,1.8958639313696959,-0.17073665705860905,-0.26606684121539725,4.552828811188814,1.2772865675183451,4.513960000000003,1.1322000000000003,7.662920000000007,1.602920000000001,0.1310648433781834,0.015386062442658943,123.29490231295846,31.24239966891959,130.0,42.0,222.27272727272728,47.5707100591716,0.18921657567529634,0.5182840800628004
target_CHEMBL5251-2.IC50,207,3.6236226132155274,1.196681383770375,3.4533898331661415,0.4211711425945734,6.380968034305154,1.9879401181046799,-0.08384168527496134,-0.8178544386936637,5.028738067632855,1.0217739653638078,4.998520000000004,2.6165000000000003,7.810220000000008,1.586500000000001,0.06071565816706129,-0.633040927628254,151.37600383409128,62.583796417633195,141.66034155597723,51.0,333.6131593874078,78.10065784259331,0.6707775777097686,-0.2915715856762948
target_CHEMBL5251-2.IC50,207,3.6236226132155274,1.196681383770375,3.4533898331661415,0.4211711425945734,6.380968034305154,1.9879401181046799,-0.08384168527496134,-0.8178544386936637,5.028738067632855,1.0217739653638078,4.998520000000004,2.6165000000000003,7.810220000000008,1.586500000000001,0.06071565816706129,-0.633040927628254,151.37600383409128,62.583796417633195,141.66034155597723,51.0,333.6131593874078,78.10065784259331,0.6707775777097686,-0.2915715856762948
target_CHEMBL5251-2.IC50,207,3.6236226132155274,1.196681383770375,3.4533898331661415,0.4211711425945734,6.380968034305154,1.9879401181046799,-0.08384168527496134,-0.8178544386936637,5.028738067632855,1.0217739653638078,4.998520000000004,2.6165000000000003,7.810220000000008,1.586500000000001,0.06071565816706129,-0.633040927628254,151.37600383409128,62.583796417633195,141.66034155597723,51.0,333.6131593874078,78.10065784259331,0.6707775777097686,-0.2915715856762948
target_CHEMBL3229-2.IC50,205,3.544108756668364,1.460206848304397,3.785423012898912,-0.2705055440355714,7.356155186618517,1.8778617983100436,-0.4032149928446253,-0.2917859745521878,4.611989463414638,1.33502031415484,4.7668000000000035,0.2963999999999999,7.941100000000007,1.4099200000000014,-0.6912142469377168,0.7776940986935186,65.73475560145032,41.04010587211889,48.0,0.0,173.75,50.0,0.7737285623592173,-0.4146318090069263
target_CHEMBL3229-2.IC50,205,3.544108756668364,1.460206848304397,3.785423012898912,-0.2705055440355714,7.356155186618517,1.8778617983100436,-0.4032149928446253,-0.2917859745521878,4.611989463414638,1.33502031415484,4.7668000000000035,0.2963999999999999,7.941100000000007,1.4099200000000014,-0.6912142469377168,0.7776940986935186,65.73475560145032,41.04010587211889,48.0,0.0,173.75,50.0,0.7737285623592173,-0.4146318090069263
target_CHEMBL3229-2.IC50,205,3.544108756668364,1.460206848304397,3.785423012898912,-0.2705055440355714,7.356155186618517,1.8778617983100436,-0.4032149928446253,-0.2917859745521878,4.611989463414638,1.33502031415484,4.7668000000000035,0.2963999999999999,7.941100000000007,1.4099200000000014,-0.6912142469377168,0.7776940986935186,65.73475560145032,41.04010587211889,48.0,0.0,173.75,50.0,0.7737285623592173,-0.4146318090069263
target_CHEMBL2039-1.IC50,924,3.0970757819920833,1.3006574597585505,3.269066331360352,-1.873487944921292,6.701290154023859,1.6433046245795087,-0.40622313246717373,0.16720281913089075,3.858941439393942,1.227737638271192,3.8350000000000026,-0.0117999999999975,8.140500000000005,1.2577350000000012,0.277985053921147,0.7703867160429088,60.564441041125676,39.85953098556144,51.0,5.0,251.0769230769231,31.49613784907902,1.7474495878804681,3.565685008890207
target_CHEMBL2039-1.IC50,924,3.0970757819920833,1.3006574597585505,3.269066331360352,-1.873487944921292,6.701290154023859,1.6433046245795087,-0.40622313246717373,0.16720281913089075,3.858941439393942,1.227737638271192,3.8350000000000026,-0.0117999999999975,8.140500000000005,1.2577350000000012,0.277985053921147,0.7703867160429088,60.564441041125676,39.85953098556144,51.0,5.0,251.0769230769231,31.49613784907902,1.7474495878804681,3.565685008890207
target_CHEMBL2039-1.IC50,924,3.0970757819920833,1.3006574597585505,3.269066331360352,-1.873487944921292,6.701290154023859,1.6433046245795087,-0.40622313246717373,0.16720281913089075,3.858941439393942,1.227737638271192,3.8350000000000026,-0.0117999999999975,8.140500000000005,1.2577350000000012,0.277985053921147,0.7703867160429088,60.564441041125676,39.85953098556144,51.0,5.0,251.0769230769231,31.49613784907902,1.7474495878804681,3.565685008890207
target_CHEMBL4296-1.IC50,872,1.4528742381127115,5.481951555741747,3.0802645658056047,-16.269191926534862,6.183455540059373,1.9868898517219176,-2.4204380858691037,4.263709959233455,2.9309483830275145,4.508469269350998,4.150610000000003,-15.363790000000234,7.753900000000005,1.6387700000000027,-2.521539506536434,5.2025668994124175,266.03355625640086,398.2106029047708,139.51428571428573,7.0,1913.868211691456,82.92594466936569,2.6956495828234934,5.7660955892210435
target_CHEMBL4296-1.IC50,872,1.4528742381127115,5.481951555741747,3.0802645658056047,-16.269191926534862,6.183455540059373,1.9868898517219176,-2.4204380858691037,4.263709959233455,2.9309483830275145,4.508469269350998,4.150610000000003,-15.363790000000234,7.753900000000005,1.6387700000000027,-2.521539506536434,5.2025668994124175,266.03355625640086,398.2106029047708,139.51428571428573,7.0,1913.868211691456,82.92594466936569,2.6956495828234934,5.7660955892210435
target_CHEMBL4296-1.IC50,872,1.4528742381127115,5.481951555741747,3.0802645658056047,-16.269191926534862,6.183455540059373,1.9868898517219176,-2.4204380858691037,4.263709959233455,2.9309483830275145,4.508469269350998,4.150610000000003,-15.363790000000234,7.753900000000005,1.6387700000000027,-2.521539506536434,5.2025668994124175,266.03355625640086,398.2106029047708,139.51428571428573,7.0,1913.868211691456,82.92594466936569,2.6956495828234934,5.7660955892210435
target_CHEMBL240-1.IC50,1312,2.2458638115263696,1.255124217077153,2.147501622077752,-2.414232901335182,5.757679517371716,1.8406227393317913,0.027645824395993637,-0.2204842220350356,3.8859560823170756,1.1626021223436709,3.8065000000000033,0.8861799999999995,7.2343200000000065,1.6020900000000018,0.10934298996814311,-0.24996727546717956,154.13427146866803,75.88071777372303,141.16123258513932,22.0,415.4793491864831,96.8435151768129,0.5393275816622282,-0.10245457206502229
target_CHEMBL240-1.IC50,1312,2.2458638115263696,1.255124217077153,2.147501622077752,-2.414232901335182,5.757679517371716,1.8406227393317913,0.027645824395993637,-0.2204842220350356,3.8859560823170756,1.1626021223436709,3.8065000000000033,0.8861799999999995,7.2343200000000065,1.6020900000000018,0.10934298996814311,-0.24996727546717956,154.13427146866803,75.88071777372303,141.16123258513932,22.0,415.4793491864831,96.8435151768129,0.5393275816622282,-0.10245457206502229
target_CHEMBL240-1.IC50,1312,2.2458638115263696,1.255124217077153,2.147501622077752,-2.414232901335182,5.757679517371716,1.8406227393317913,0.027645824395993637,-0.2204842220350356,3.8859560823170756,1.1626021223436709,3.8065000000000033,0.8861799999999995,7.2343200000000065,1.6020900000000018,0.10934298996814311,-0.24996727546717956,154.13427146866803,75.88071777372303,141.16123258513932,22.0,415.4793491864831,96.8435151768129,0.5393275816622282,-0.10245457206502229
target_CHEMBL222-1.IC50,598,2.390667063440372,1.3197041190373868,2.406811228765258,-1.1969444946465135,6.072704960230542,1.7138302851491942,0.008424505019463121,-0.023183582831954208,3.6720913377926445,0.9336477236322975,3.7246200000000016,1.0135999999999998,6.586300000000007,1.222450000000002,-0.19255541464532533,0.19562360702799264,62.8626059930809,28.701985453008128,63.26298701298701,16.0,161.1851851851852,33.65391304347825,0.6359670945770383,0.14267471642453433
target_CHEMBL222-1.IC50,598,2.390667063440372,1.3197041190373868,2.406811228765258,-1.1969444946465135,6.072704960230542,1.7138302851491942,0.008424505019463121,-0.023183582831954208,3.6720913377926445,0.9336477236322975,3.7246200000000016,1.0135999999999998,6.586300000000007,1.222450000000002,-0.19255541464532533,0.19562360702799264,62.8626059930809,28.701985453008128,63.26298701298701,16.0,161.1851851851852,33.65391304347825,0.6359670945770383,0.14267471642453433
target_CHEMBL222-1.IC50,598,2.390667063440372,1.3197041190373868,2.406811228765258,-1.1969444946465135,6.072704960230542,1.7138302851491942,0.008424505019463121,-0.023183582831954208,3.6720913377926445,0.9336477236322975,3.7246200000000016,1.0135999999999998,6.586300000000007,1.222450000000002,-0.19255541464532533,0.19562360702799264,62.8626059930809,28.701985453008128,63.26298701298701,16.0,161.1851851851852,33.65391304347825,0.6359670945770383,0.14267471642453433
target_CHEMBL3105-1.IC50,725,1.6986854792754542,1.4100407087239155,1.6696384102827015,-3.099583534560084,5.5645137382341705,1.8974708169656191,-0.11364803721532112,0.01585385327724209,2.968688662068967,1.1510745538300915,2.862400000000001,-1.335999999999997,6.7416000000000045,1.5323000000000029,0.06247730692054693,0.40723337344314015,120.49313498694526,47.27612886994955,123.80952380952382,6.0,316.2076798269335,59.12344177561569,0.4239854731126136,0.4801008797309776
target_CHEMBL3105-1.IC50,725,1.6986854792754542,1.4100407087239155,1.6696384102827015,-3.099583534560084,5.5645137382341705,1.8974708169656191,-0.11364803721532112,0.01585385327724209,2.968688662068967,1.1510745538300915,2.862400000000001,-1.335999999999997,6.7416000000000045,1.5323000000000029,0.06247730692054693,0.40723337344314015,120.49313498694526,47.27612886994955,123.80952380952382,6.0,316.2076798269335,59.12344177561569,0.4239854731126136,0.4801008797309776
target_CHEMBL3105-1.IC50,725,1.6986854792754542,1.4100407087239155,1.6696384102827015,-3.099583534560084,5.5645137382341705,1.8974708169656191,-0.11364803721532112,0.01585385327724209,2.968688662068967,1.1510745538300915,2.862400000000001,-1.335999999999997,6.7416000000000045,1.5323000000000029,0.06247730692054693,0.40723337344314015,120.49313498694526,47.27612886994955,123.80952380952382,6.0,316.2076798269335,59.12344177561569,0.4239854731126136,0.4801008797309776
target_CHEMBL284-2.IC50,222,0.8288209073935181,1.2938377028279808,0.9071399338895516,-4.702353625551007,3.774355408554302,1.6024053140960581,-0.86991403793707,2.679660958126375,2.728380990990992,1.5722268824336336,2.5675,-1.6046999999999991,6.734820000000007,1.9465150000000015,0.40683422253275814,0.18747288567311937,72.59051377004943,32.49761254724988,71.7312534209086,20.805194805194805,153.55113636363637,46.501448855404234,0.6814120489292937,-0.6325963528642995
target_CHEMBL284-2.IC50,222,0.8288209073935181,1.2938377028279808,0.9071399338895516,-4.702353625551007,3.774355408554302,1.6024053140960581,-0.86991403793707,2.679660958126375,2.728380990990992,1.5722268824336336,2.5675,-1.6046999999999991,6.734820000000007,1.9465150000000015,0.40683422253275814,0.18747288567311937,72.59051377004943,32.49761254724988,71.7312534209086,20.805194805194805,153.55113636363637,46.501448855404234,0.6814120489292937,-0.6325963528642995
target_CHEMBL284-2.IC50,222,0.8288209073935181,1.2938377028279808,0.9071399338895516,-4.702353625551007,3.774355408554302,1.6024053140960581,-0.86991403793707,2.679660958126375,2.728380990990992,1.5722268824336336,2.5675,-1.6046999999999991,6.734820000000007,1.9465150000000015,0.40683422253275814,0.18747288567311937,72.59051377004943,32.49761254724988,71.7312534209086,20.805194805194805,153.55113636363637,46.501448855404234,0.6814120489292937,-0.6325963528642995
target_CHEMBL4015-2.IC50,309,1.580862500969501,1.0158818260652558,1.4882748185258416,-1.772991233595333,4.280473235327632,1.112251488767322,0.15184005623631022,0.11991359023890436,3.5685737864077693,1.1571000781141014,3.4021000000000026,1.254980000000002,7.168300000000007,1.4046000000000003,0.7172951035573265,0.2703128299640265,138.6774537500561,54.664546145276354,120.73427471116815,51.626852659110725,271.17551020408166,65.60099573257466,0.8234057285786962,0.08458979164208413
target_CHEMBL4015-2.IC50,309,1.580862500969501,1.0158818260652558,1.4882748185258416,-1.772991233595333,4.280473235327632,1.112251488767322,0.15184005623631022,0.11991359023890436,3.5685737864077693,1.1571000781141014,3.4021000000000026,1.254980000000002,7.168300000000007,1.4046000000000003,0.7172951035573265,0.2703128299640265,138.6774537500561,54.664546145276354,120.73427471116815,51.626852659110725,271.17551020408166,65.60099573257466,0.8234057285786962,0.08458979164208413
target_CHEMBL4015-2.IC50,309,1.580862500969501,1.0158818260652558,1.4882748185258416,-1.772991233595333,4.280473235327632,1.112251488767322,0.15184005623631022,0.11991359023890436,3.5685737864077693,1.1571000781141014,3.4021000000000026,1.254980000000002,7.168300000000007,1.4046000000000003,0.7172951035573265,0.2703128299640265,138.6774537500561,54.664546145276354,120.73427471116815,51.626852659110725,271.17551020408166,65.60099573257466,0.8234057285786962,0.08458979164208413
target_CHEMBL1974-1.IC50,506,2.612441556960927,1.2299151197556035,2.5975942966728,-0.5922449242513343,6.308049380079018,1.6360522949741574,-0.0635090759842115,-0.04685600081077057,4.035111185770753,1.1999782581174687,4.250520000000003,0.4270999999999991,7.0978000000000065,1.6209200000000017,-0.45785978325460486,-0.12017293167599252,133.2246129542815,59.0189724730704,129.79615893278134,26.0,363.64864864864865,72.34318564838931,1.302805540362691,2.9355618096472966
target_CHEMBL1974-1.IC50,506,2.612441556960927,1.2299151197556035,2.5975942966728,-0.5922449242513343,6.308049380079018,1.6360522949741574,-0.0635090759842115,-0.04685600081077057,4.035111185770753,1.1999782581174687,4.250520000000003,0.4270999999999991,7.0978000000000065,1.6209200000000017,-0.45785978325460486,-0.12017293167599252,133.2246129542815,59.0189724730704,129.79615893278134,26.0,363.64864864864865,72.34318564838931,1.302805540362691,2.9355618096472966
target_CHEMBL1974-1.IC50,506,2.612441556960927,1.2299151197556035,2.5975942966728,-0.5922449242513343,6.308049380079018,1.6360522949741574,-0.0635090759842115,-0.04685600081077057,4.035111185770753,1.1999782581174687,4.250520000000003,0.4270999999999991,7.0978000000000065,1.6209200000000017,-0.45785978325460486,-0.12017293167599252,133.2246129542815,59.0189724730704,129.79615893278134,26.0,363.64864864864865,72.34318564838931,1.302805540362691,2.9355618096472966
target_CHEMBL4794-2.IC50,277,3.5495458444566523,1.1695064199865617,3.4990963028500817,1.1024041053302145,7.150648738210279,1.7682964765266158,0.14496413924416698,-0.6483733686815958,4.972228736462097,1.1173445843308791,4.936900000000004,2.793200000000001,8.189800000000004,1.635080000000003,0.21283775328784546,-0.48744073849706826,97.92420436737906,40.28131867394297,91.17948717948715,48.0,267.9584775086505,58.83333333333334,1.0516847321025207,1.0130986565453481
target_CHEMBL4794-2.IC50,277,3.5495458444566523,1.1695064199865617,3.4990963028500817,1.1024041053302145,7.150648738210279,1.7682964765266158,0.14496413924416698,-0.6483733686815958,4.972228736462097,1.1173445843308791,4.936900000000004,2.793200000000001,8.189800000000004,1.635080000000003,0.21283775328784546,-0.48744073849706826,97.92420436737906,40.28131867394297,91.17948717948715,48.0,267.9584775086505,58.83333333333334,1.0516847321025207,1.0130986565453481
target_CHEMBL4794-2.IC50,277,3.5495458444566523,1.1695064199865617,3.4990963028500817,1.1024041053302145,7.150648738210279,1.7682964765266158,0.14496413924416698,-0.6483733686815958,4.972228736462097,1.1173445843308791,4.936900000000004,2.793200000000001,8.189800000000004,1.635080000000003,0.21283775328784546,-0.48744073849706826,97.92420436737906,40.28131867394297,91.17948717948715,48.0,267.9584775086505,58.83333333333334,1.0516847321025207,1.0130986565453481
target_CHEMBL1163125-1.IC50,687,2.8120028947199307,1.5265688842086567,2.8023470572461333,-1.434658277109825,6.564979544861355,2.251240218688119,-0.17733958954527881,-0.30520750660118345,4.0160965938864654,1.37719211793281,4.095860000000004,-0.0217000000000002,7.460720000000007,1.7717500000000022,-0.1313979255177103,-0.1417308005903437,122.2094248824855,54.06508448852616,121.2873563218391,20.0,309.4782608695652,65.21077215608464,0.5119927748360887,0.02550696289254306
target_CHEMBL1163125-1.IC50,687,2.8120028947199307,1.5265688842086567,2.8023470572461333,-1.434658277109825,6.564979544861355,2.251240218688119,-0.17733958954527881,-0.30520750660118345,4.0160965938864654,1.37719211793281,4.095860000000004,-0.0217000000000002,7.460720000000007,1.7717500000000022,-0.1313979255177103,-0.1417308005903437,122.2094248824855,54.06508448852616,121.2873563218391,20.0,309.4782608695652,65.21077215608464,0.5119927748360887,0.02550696289254306
target_CHEMBL1163125-1.IC50,687,2.8120028947199307,1.5265688842086567,2.8023470572461333,-1.434658277109825,6.564979544861355,2.251240218688119,-0.17733958954527881,-0.30520750660118345,4.0160965938864654,1.37719211793281,4.095860000000004,-0.0217000000000002,7.460720000000007,1.7717500000000022,-0.1313979255177103,-0.1417308005903437,122.2094248824855,54.06508448852616,121.2873563218391,20.0,309.4782608695652,65.21077215608464,0.5119927748360887,0.02550696289254306
target_CHEMBL2971-1.IC50,779,1.876526188041938,1.4560859117460965,1.7916592964096916,-1.245908950977321,5.446422934576746,2.254541668784141,0.11403068457883882,-0.7174281435368792,3.344107394094995,1.2722551953767984,3.3820200000000016,0.2148800000000001,6.898520000000007,1.586200000000002,0.06284302610905411,-0.20943064939009837,116.97299933492734,52.00686903960805,110.11904761904762,24.0,263.65656565656565,75.03765115154224,0.4453149004030898,-0.6651814100010953
target_CHEMBL2971-1.IC50,779,1.876526188041938,1.4560859117460965,1.7916592964096916,-1.245908950977321,5.446422934576746,2.254541668784141,0.11403068457883882,-0.7174281435368792,3.344107394094995,1.2722551953767984,3.3820200000000016,0.2148800000000001,6.898520000000007,1.586200000000002,0.06284302610905411,-0.20943064939009837,116.97299933492734,52.00686903960805,110.11904761904762,24.0,263.65656565656565,75.03765115154224,0.4453149004030898,-0.6651814100010953
target_CHEMBL2971-1.IC50,779,1.876526188041938,1.4560859117460965,1.7916592964096916,-1.245908950977321,5.446422934576746,2.254541668784141,0.11403068457883882,-0.7174281435368792,3.344107394094995,1.2722551953767984,3.3820200000000016,0.2148800000000001,6.898520000000007,1.586200000000002,0.06284302610905411,-0.20943064939009837,116.97299933492734,52.00686903960805,110.11904761904762,24.0,263.65656565656565,75.03765115154224,0.4453149004030898,-0.6651814100010953
target_CHEMBL4005-1.IC50,1216,1.7434087956727304,1.3578342669397183,1.7555800478981989,-6.943014904763713,6.340309353556878,1.6888579935020385,-0.1314305234002282,1.4601187180621382,2.9354407319078963,1.2815910900174279,2.8097100000000004,-2.870829999999992,8.206000000000007,1.6242600000000018,0.2835639221289465,0.6638650851323975,126.84998527260915,50.570151770341774,127.23238380809596,23.91111111111111,311.41666666666663,74.15145858223813,0.3624111202403385,-0.35730136689865644
target_CHEMBL4005-1.IC50,1216,1.7434087956727304,1.3578342669397183,1.7555800478981989,-6.943014904763713,6.340309353556878,1.6888579935020385,-0.1314305234002282,1.4601187180621382,2.9354407319078963,1.2815910900174279,2.8097100000000004,-2.870829999999992,8.206000000000007,1.6242600000000018,0.2835639221289465,0.6638650851323975,126.84998527260915,50.570151770341774,127.23238380809596,23.91111111111111,311.41666666666663,74.15145858223813,0.3624111202403385,-0.35730136689865644
target_CHEMBL4005-1.IC50,1216,1.7434087956727304,1.3578342669397183,1.7555800478981989,-6.943014904763713,6.340309353556878,1.6888579935020385,-0.1314305234002282,1.4601187180621382,2.9354407319078963,1.2815910900174279,2.8097100000000004,-2.870829999999992,8.206000000000007,1.6242600000000018,0.2835639221289465,0.6638650851323975,126.84998527260915,50.570151770341774,127.23238380809596,23.91111111111111,311.41666666666663,74.15145858223813,0.3624111202403385,-0.35730136689865644
target_CHEMBL1865-1.IC50,684,1.9322887510019917,1.3467379760071885,1.900007829046765,-1.4622773268087232,7.449612069659187,1.9627834366779844,0.2203262760876218,0.03506463547025751,3.3301219444444463,1.2819969322890026,3.3690000000000007,-0.0034000000000001,8.62310000000001,1.8732500000000014,0.11866128286846307,-0.03490524352817692,70.81046814960852,46.222451271855455,61.92753623188406,5.0,297.2478431372549,53.49179487179488,1.1697194508573152,1.7759127191282946
target_CHEMBL1865-1.IC50,684,1.9322887510019917,1.3467379760071885,1.900007829046765,-1.4622773268087232,7.449612069659187,1.9627834366779844,0.2203262760876218,0.03506463547025751,3.3301219444444463,1.2819969322890026,3.3690000000000007,-0.0034000000000001,8.62310000000001,1.8732500000000014,0.11866128286846307,-0.03490524352817692,70.81046814960852,46.222451271855455,61.92753623188406,5.0,297.2478431372549,53.49179487179488,1.1697194508573152,1.7759127191282946
target_CHEMBL1865-1.IC50,684,1.9322887510019917,1.3467379760071885,1.900007829046765,-1.4622773268087232,7.449612069659187,1.9627834366779844,0.2203262760876218,0.03506463547025751,3.3301219444444463,1.2819969322890026,3.3690000000000007,-0.0034000000000001,8.62310000000001,1.8732500000000014,0.11866128286846307,-0.03490524352817692,70.81046814960852,46.222451271855455,61.92753623188406,5.0,297.2478431372549,53.49179487179488,1.1697194508573152,1.7759127191282946
target_CHEMBL4685-2.IC50,212,1.581039114825674,1.443568305304626,1.4918601460684398,-2.214027343742265,5.943768638308636,1.6613168972052452,0.06081308767497288,-0.14648319191571257,2.61639533018868,1.2934427716036137,2.5956600000000005,-0.314019999999999,6.587600000000007,1.6687400000000014,0.22533811748519852,-0.31807509158123226,96.289317667741,102.74047593751202,40.0,12.0,390.1463414634146,85.70348465473145,1.3840535063548762,0.5818347086734152
target_CHEMBL4685-2.IC50,212,1.581039114825674,1.443568305304626,1.4918601460684398,-2.214027343742265,5.943768638308636,1.6613168972052452,0.06081308767497288,-0.14648319191571257,2.61639533018868,1.2934427716036137,2.5956600000000005,-0.314019999999999,6.587600000000007,1.6687400000000014,0.22533811748519852,-0.31807509158123226,96.289317667741,102.74047593751202,40.0,12.0,390.1463414634146,85.70348465473145,1.3840535063548762,0.5818347086734152
target_CHEMBL4685-2.IC50,212,1.581039114825674,1.443568305304626,1.4918601460684398,-2.214027343742265,5.943768638308636,1.6613168972052452,0.06081308767497288,-0.14648319191571257,2.61639533018868,1.2934427716036137,2.5956600000000005,-0.314019999999999,6.587600000000007,1.6687400000000014,0.22533811748519852,-0.31807509158123226,96.289317667741,102.74047593751202,40.0,12.0,390.1463414634146,85.70348465473145,1.3840535063548762,0.5818347086734152
target_CHEMBL4235-3.IC50,375,2.6790852393883693,1.534632518066071,2.827003187619372,-2.276476900087347,6.148807580542638,2.394524658594838,-0.1562062637099228,-0.7016055329178434,3.5724701866666693,1.0772403359971097,3.4016800000000025,1.339299999999999,6.766200000000004,1.521590000000002,0.3786370945261169,-0.3346835186699999,142.57166450149015,88.9643206621577,119.4,20.0,321.13059033989265,150.74154235004266,0.481928306052882,-1.1039334058091315
target_CHEMBL4235-3.IC50,375,2.6790852393883693,1.534632518066071,2.827003187619372,-2.276476900087347,6.148807580542638,2.394524658594838,-0.1562062637099228,-0.7016055329178434,3.5724701866666693,1.0772403359971097,3.4016800000000025,1.339299999999999,6.766200000000004,1.521590000000002,0.3786370945261169,-0.3346835186699999,142.57166450149015,88.9643206621577,119.4,20.0,321.13059033989265,150.74154235004266,0.481928306052882,-1.1039334058091315
target_CHEMBL4235-3.IC50,375,2.6790852393883693,1.534632518066071,2.827003187619372,-2.276476900087347,6.148807580542638,2.394524658594838,-0.1562062637099228,-0.7016055329178434,3.5724701866666693,1.0772403359971097,3.4016800000000025,1.339299999999999,6.766200000000004,1.521590000000002,0.3786370945261169,-0.3346835186699999,142.57166450149015,88.9643206621577,119.4,20.0,321.13059033989265,150.74154235004266,0.481928306052882,-1.1039334058091315
target_CHEMBL4235-2.IC50,224,3.0527568724496876,1.5418087810851893,3.0879689782122277,-0.2609545310973296,6.238412588755181,2.3893593921603373,-0.0992189074643866,-0.8955922839384676,4.032260178571431,1.1935589534037254,3.944400000000003,1.4394,6.828300000000008,1.6418550000000032,0.16325842737655155,-0.6215406847896592,127.87940036779757,77.91166253046983,123.36623376623376,8.0,343.95652173913044,87.92998472116119,0.8309754529539414,0.2708765998197906
target_CHEMBL4235-2.IC50,224,3.0527568724496876,1.5418087810851893,3.0879689782122277,-0.2609545310973296,6.238412588755181,2.3893593921603373,-0.0992189074643866,-0.8955922839384676,4.032260178571431,1.1935589534037254,3.944400000000003,1.4394,6.828300000000008,1.6418550000000032,0.16325842737655155,-0.6215406847896592,127.87940036779757,77.91166253046983,123.36623376623376,8.0,343.95652173913044,87.92998472116119,0.8309754529539414,0.2708765998197906
target_CHEMBL4235-2.IC50,224,3.0527568724496876,1.5418087810851893,3.0879689782122277,-0.2609545310973296,6.238412588755181,2.3893593921603373,-0.0992189074643866,-0.8955922839384676,4.032260178571431,1.1935589534037254,3.944400000000003,1.4394,6.828300000000008,1.6418550000000032,0.16325842737655155,-0.6215406847896592,127.87940036779757,77.91166253046983,123.36623376623376,8.0,343.95652173913044,87.92998472116119,0.8309754529539414,0.2708765998197906
target_CHEMBL4822-1.IC50,1224,2.40484346012449,1.4004072852483727,2.337124505942101,-12.291449855280154,6.8663142277461695,1.5348502914246689,-1.6376263791211134,14.203752477443455,3.776719174836603,1.0049049135522705,3.702090000000002,-1.736100000000004,7.792800000000004,1.2584950000000017,0.37452810095607125,1.1345046670664338,125.06656452559312,68.02327902609662,109.23651960784315,8.0,334.8972972972973,84.02980769230768,0.9236667785143997,0.1817235097234513
target_CHEMBL4822-1.IC50,1224,2.40484346012449,1.4004072852483727,2.337124505942101,-12.291449855280154,6.8663142277461695,1.5348502914246689,-1.6376263791211134,14.203752477443455,3.776719174836603,1.0049049135522705,3.702090000000002,-1.736100000000004,7.792800000000004,1.2584950000000017,0.37452810095607125,1.1345046670664338,125.06656452559312,68.02327902609662,109.23651960784315,8.0,334.8972972972973,84.02980769230768,0.9236667785143997,0.1817235097234513
target_CHEMBL4822-1.IC50,1224,2.40484346012449,1.4004072852483727,2.337124505942101,-12.291449855280154,6.8663142277461695,1.5348502914246689,-1.6376263791211134,14.203752477443455,3.776719174836603,1.0049049135522705,3.702090000000002,-1.736100000000004,7.792800000000004,1.2584950000000017,0.37452810095607125,1.1345046670664338,125.06656452559312,68.02327902609662,109.23651960784315,8.0,334.8972972972973,84.02980769230768,0.9236667785143997,0.1817235097234513
target_CHEMBL3267-1.IC50,647,2.2219736026633217,1.2818837876024711,2.262655608919387,-6.943014904763713,6.340309353556878,1.678097748985261,-0.5374781384268772,3.655363614647799,3.413498732612058,1.284811307854688,3.396600000000001,-2.870829999999992,6.985040000000005,1.526740000000001,-0.05798037019540875,0.6359740016194895,135.09900892577966,69.83737568621805,130.0,23.91111111111111,380.2109375,108.93923325655045,0.42064232292971726,-0.5352743690134978
target_CHEMBL3267-1.IC50,647,2.2219736026633217,1.2818837876024711,2.262655608919387,-6.943014904763713,6.340309353556878,1.678097748985261,-0.5374781384268772,3.655363614647799,3.413498732612058,1.284811307854688,3.396600000000001,-2.870829999999992,6.985040000000005,1.526740000000001,-0.05798037019540875,0.6359740016194895,135.09900892577966,69.83737568621805,130.0,23.91111111111111,380.2109375,108.93923325655045,0.42064232292971726,-0.5352743690134978
target_CHEMBL3267-1.IC50,647,2.2219736026633217,1.2818837876024711,2.262655608919387,-6.943014904763713,6.340309353556878,1.678097748985261,-0.5374781384268772,3.655363614647799,3.413498732612058,1.284811307854688,3.396600000000001,-2.870829999999992,6.985040000000005,1.526740000000001,-0.05798037019540875,0.6359740016194895,135.09900892577966,69.83737568621805,130.0,23.91111111111111,380.2109375,108.93923325655045,0.42064232292971726,-0.5352743690134978
target_CHEMBL247-2.IC50,207,2.753664195042843,1.6406100838599462,2.888579155117682,-2.1430257329929967,5.889669249752855,2.0704923479628805,-0.46135035846964867,0.11578204307192852,3.565199130434785,1.4108850518965974,3.552730000000002,-0.2085000000000005,6.529060000000006,2.038560000000002,-0.07875915439797047,-0.5474156905155931,62.57892749432815,31.091296357053636,54.0,8.0,155.0,43.0,0.7118173295238972,-0.10873443734864585
target_CHEMBL247-2.IC50,207,2.753664195042843,1.6406100838599462,2.888579155117682,-2.1430257329929967,5.889669249752855,2.0704923479628805,-0.46135035846964867,0.11578204307192852,3.565199130434785,1.4108850518965974,3.552730000000002,-0.2085000000000005,6.529060000000006,2.038560000000002,-0.07875915439797047,-0.5474156905155931,62.57892749432815,31.091296357053636,54.0,8.0,155.0,43.0,0.7118173295238972,-0.10873443734864585
target_CHEMBL247-2.IC50,207,2.753664195042843,1.6406100838599462,2.888579155117682,-2.1430257329929967,5.889669249752855,2.0704923479628805,-0.46135035846964867,0.11578204307192852,3.565199130434785,1.4108850518965974,3.552730000000002,-0.2085000000000005,6.529060000000006,2.038560000000002,-0.07875915439797047,-0.5474156905155931,62.57892749432815,31.091296357053636,54.0,8.0,155.0,43.0,0.7118173295238972,-0.10873443734864585
target_CHEMBL2148-2.IC50,202,2.1029003474138954,1.3666459924044396,2.1728448298820298,-0.7217479501033545,5.921270175613356,1.5726671313199097,-0.044924051615944365,-0.1875772302968408,3.2329909900990113,1.4174839563815242,3.2521000000000013,0.534100000000001,8.236620000000004,1.8240550000000022,0.12173790906451598,-0.23229641244454324,108.1438999103274,43.554008371383105,104.21774193548387,48.0,267.98036882807855,63.14132104454686,0.635739227115287,0.39436633935537824
target_CHEMBL2148-2.IC50,202,2.1029003474138954,1.3666459924044396,2.1728448298820298,-0.7217479501033545,5.921270175613356,1.5726671313199097,-0.044924051615944365,-0.1875772302968408,3.2329909900990113,1.4174839563815242,3.2521000000000013,0.534100000000001,8.236620000000004,1.8240550000000022,0.12173790906451598,-0.23229641244454324,108.1438999103274,43.554008371383105,104.21774193548387,48.0,267.98036882807855,63.14132104454686,0.635739227115287,0.39436633935537824
target_CHEMBL2148-2.IC50,202,2.1029003474138954,1.3666459924044396,2.1728448298820298,-0.7217479501033545,5.921270175613356,1.5726671313199097,-0.044924051615944365,-0.1875772302968408,3.2329909900990113,1.4174839563815242,3.2521000000000013,0.534100000000001,8.236620000000004,1.8240550000000022,0.12173790906451598,-0.23229641244454324,108.1438999103274,43.554008371383105,104.21774193548387,48.0,267.98036882807855,63.14132104454686,0.635739227115287,0.39436633935537824
target_CHEMBL1163125-4.IC50,277,2.713190355840149,1.0959329486527258,2.707069336935488,-0.3365202728238657,5.97986056078757,1.2411177637678397,0.03241366354527566,0.35709089318341425,3.720661227436825,0.9351425526747928,3.7040400000000018,0.3885199999999998,6.578020000000005,1.0709999999999997,-0.12218242017984225,0.7365291250559522,112.28292931264022,44.099570465946464,110.900826446281,20.0,216.0,54.204013377926415,0.09964410771798632,-0.2124575909077584
target_CHEMBL1163125-4.IC50,277,2.713190355840149,1.0959329486527258,2.707069336935488,-0.3365202728238657,5.97986056078757,1.2411177637678397,0.03241366354527566,0.35709089318341425,3.720661227436825,0.9351425526747928,3.7040400000000018,0.3885199999999998,6.578020000000005,1.0709999999999997,-0.12218242017984225,0.7365291250559522,112.28292931264022,44.099570465946464,110.900826446281,20.0,216.0,54.204013377926415,0.09964410771798632,-0.2124575909077584
target_CHEMBL1163125-4.IC50,277,2.713190355840149,1.0959329486527258,2.707069336935488,-0.3365202728238657,5.97986056078757,1.2411177637678397,0.03241366354527566,0.35709089318341425,3.720661227436825,0.9351425526747928,3.7040400000000018,0.3885199999999998,6.578020000000005,1.0709999999999997,-0.12218242017984225,0.7365291250559522,112.28292931264022,44.099570465946464,110.900826446281,20.0,216.0,54.204013377926415,0.09964410771798632,-0.2124575909077584
target_CHEMBL260-1.IC50,1463,3.461599110472349,1.546798881284012,3.636162531842885,-4.321111068711185,7.219085028030912,2.0767521421509176,-0.596139244141246,0.7144691762939996,4.641213233082709,1.4110199805875825,4.629400000000003,-6.014299999999996,8.793700000000001,1.7594300000000018,-0.8335557469815038,5.042959823622152,115.12739101305165,44.433928925624,100.0,24.0,270.6949806949807,58.79138640903348,0.5605413310966338,-0.02825519225376194
target_CHEMBL260-1.IC50,1463,3.461599110472349,1.546798881284012,3.636162531842885,-4.321111068711185,7.219085028030912,2.0767521421509176,-0.596139244141246,0.7144691762939996,4.641213233082709,1.4110199805875825,4.629400000000003,-6.014299999999996,8.793700000000001,1.7594300000000018,-0.8335557469815038,5.042959823622152,115.12739101305165,44.433928925624,100.0,24.0,270.6949806949807,58.79138640903348,0.5605413310966338,-0.02825519225376194
target_CHEMBL260-1.IC50,1463,3.461599110472349,1.546798881284012,3.636162531842885,-4.321111068711185,7.219085028030912,2.0767521421509176,-0.596139244141246,0.7144691762939996,4.641213233082709,1.4110199805875825,4.629400000000003,-6.014299999999996,8.793700000000001,1.7594300000000018,-0.8335557469815038,5.042959823622152,115.12739101305165,44.433928925624,100.0,24.0,270.6949806949807,58.79138640903348,0.5605413310966338,-0.02825519225376194
target_CHEMBL5763-2.IC50,215,3.312019571842056,1.33056831301998,3.113473703405761,0.3651815310331633,9.537266321014169,1.5111339675886022,0.9430158883686282,2.2793737425915213,4.403376930232561,1.5021900926637346,4.289900000000003,1.0234999999999996,9.6969,1.9425200000000022,0.583737335432739,0.5307577269885493,88.06462073929295,27.56107697248396,88.0,18.0,191.5872093023256,21.55564912280701,1.2019207606967932,4.040657160859998
target_CHEMBL5763-2.IC50,215,3.312019571842056,1.33056831301998,3.113473703405761,0.3651815310331633,9.537266321014169,1.5111339675886022,0.9430158883686282,2.2793737425915213,4.403376930232561,1.5021900926637346,4.289900000000003,1.0234999999999996,9.6969,1.9425200000000022,0.583737335432739,0.5307577269885493,88.06462073929295,27.56107697248396,88.0,18.0,191.5872093023256,21.55564912280701,1.2019207606967932,4.040657160859998
target_CHEMBL5763-2.IC50,215,3.312019571842056,1.33056831301998,3.113473703405761,0.3651815310331633,9.537266321014169,1.5111339675886022,0.9430158883686282,2.2793737425915213,4.403376930232561,1.5021900926637346,4.289900000000003,1.0234999999999996,9.6969,1.9425200000000022,0.583737335432739,0.5307577269885493,88.06462073929295,27.56107697248396,88.0,18.0,191.5872093023256,21.55564912280701,1.2019207606967932,4.040657160859998
target_CHEMBL228-2.IC50,812,2.6500343696043385,1.2999640703371995,2.740568199974984,-1.1969444946465135,6.072704960230542,1.7603466771259066,-0.2632567926053065,-0.06811959336041395,4.089722266009855,1.1559248233961072,4.058270000000004,1.0560999999999998,7.841300000000009,1.4832500000000026,0.226617600350913,0.19950586936342463,71.72410447375778,37.6155346521144,65.10855683269476,20.0,294.03409090909093,37.594773050931806,1.866421139535055,6.396193074683719
target_CHEMBL228-2.IC50,812,2.6500343696043385,1.2999640703371995,2.740568199974984,-1.1969444946465135,6.072704960230542,1.7603466771259066,-0.2632567926053065,-0.06811959336041395,4.089722266009855,1.1559248233961072,4.058270000000004,1.0560999999999998,7.841300000000009,1.4832500000000026,0.226617600350913,0.19950586936342463,71.72410447375778,37.6155346521144,65.10855683269476,20.0,294.03409090909093,37.594773050931806,1.866421139535055,6.396193074683719
target_CHEMBL228-2.IC50,812,2.6500343696043385,1.2999640703371995,2.740568199974984,-1.1969444946465135,6.072704960230542,1.7603466771259066,-0.2632567926053065,-0.06811959336041395,4.089722266009855,1.1559248233961072,4.058270000000004,1.0560999999999998,7.841300000000009,1.4832500000000026,0.226617600350913,0.19950586936342463,71.72410447375778,37.6155346521144,65.10855683269476,20.0,294.03409090909093,37.594773050931806,1.866421139535055,6.396193074683719
target_CHEMBL3717-1.IC50,1324,3.196514656619911,1.3995110267937685,3.366155672300236,-1.5193937617435176,6.640955187797614,2.0544993579028494,-0.25966630236336957,-0.5030364989561122,4.652849441087617,1.7110139216340539,4.635720000000002,0.3160700000000001,9.299199999999995,2.5262250000000046,0.04264513420822048,-0.7011952645655257,154.5884179375537,56.84862889799354,145.0,39.0,398.1567567567568,92.89773049645392,0.4318504074060562,-0.40796269686708664
target_CHEMBL3717-1.IC50,1324,3.196514656619911,1.3995110267937685,3.366155672300236,-1.5193937617435176,6.640955187797614,2.0544993579028494,-0.25966630236336957,-0.5030364989561122,4.652849441087617,1.7110139216340539,4.635720000000002,0.3160700000000001,9.299199999999995,2.5262250000000046,0.04264513420822048,-0.7011952645655257,154.5884179375537,56.84862889799354,145.0,39.0,398.1567567567568,92.89773049645392,0.4318504074060562,-0.40796269686708664
target_CHEMBL3717-1.IC50,1324,3.196514656619911,1.3995110267937685,3.366155672300236,-1.5193937617435176,6.640955187797614,2.0544993579028494,-0.25966630236336957,-0.5030364989561122,4.652849441087617,1.7110139216340539,4.635720000000002,0.3160700000000001,9.299199999999995,2.5262250000000046,0.04264513420822048,-0.7011952645655257,154.5884179375537,56.84862889799354,145.0,39.0,398.1567567567568,92.89773049645392,0.4318504074060562,-0.40796269686708664
target_CHEMBL203-2.IC50,777,3.5171361041287157,1.2269642720376135,3.447052148754582,-0.3967646626372709,7.340843812454442,1.6159852256738803,0.038667640176947626,0.519525208687079,4.457679021879025,1.1829772632742304,4.499600000000004,0.4900799999999999,8.209500000000006,1.4269000000000025,-0.12384167103444113,0.6817874394014911,102.20346465811255,43.29269209186125,100.0,8.0,313.0734394124847,50.68181818181819,0.3352839591459671,0.399431227373654
target_CHEMBL203-2.IC50,777,3.5171361041287157,1.2269642720376135,3.447052148754582,-0.3967646626372709,7.340843812454442,1.6159852256738803,0.038667640176947626,0.519525208687079,4.457679021879025,1.1829772632742304,4.499600000000004,0.4900799999999999,8.209500000000006,1.4269000000000025,-0.12384167103444113,0.6817874394014911,102.20346465811255,43.29269209186125,100.0,8.0,313.0734394124847,50.68181818181819,0.3352839591459671,0.399431227373654
target_CHEMBL203-2.IC50,777,3.5171361041287157,1.2269642720376135,3.447052148754582,-0.3967646626372709,7.340843812454442,1.6159852256738803,0.038667640176947626,0.519525208687079,4.457679021879025,1.1829772632742304,4.499600000000004,0.4900799999999999,8.209500000000006,1.4269000000000025,-0.12384167103444113,0.6817874394014911,102.20346465811255,43.29269209186125,100.0,8.0,313.0734394124847,50.68181818181819,0.3352839591459671,0.399431227373654
target_CHEMBL1741186-2.IC50,285,3.283738461586031,1.153605562970092,3.057504073535848,0.6303723888260699,6.792438863490185,1.330897029018392,0.7832648365866849,0.2675045603987445,5.172000982456145,0.8497621773297275,5.086700000000004,3.0214000000000016,7.494000000000006,1.1666000000000007,0.16587568405294534,-0.2920242946229483,126.370571164367,52.62434421896091,116.0,34.0,314.04135737009545,59.81481481481481,1.0529345183364394,1.178030736716904
target_CHEMBL1741186-2.IC50,285,3.283738461586031,1.153605562970092,3.057504073535848,0.6303723888260699,6.792438863490185,1.330897029018392,0.7832648365866849,0.2675045603987445,5.172000982456145,0.8497621773297275,5.086700000000004,3.0214000000000016,7.494000000000006,1.1666000000000007,0.16587568405294534,-0.2920242946229483,126.370571164367,52.62434421896091,116.0,34.0,314.04135737009545,59.81481481481481,1.0529345183364394,1.178030736716904
target_CHEMBL1741186-2.IC50,285,3.283738461586031,1.153605562970092,3.057504073535848,0.6303723888260699,6.792438863490185,1.330897029018392,0.7832648365866849,0.2675045603987445,5.172000982456145,0.8497621773297275,5.086700000000004,3.0214000000000016,7.494000000000006,1.1666000000000007,0.16587568405294534,-0.2920242946229483,126.370571164367,52.62434421896091,116.0,34.0,314.04135737009545,59.81481481481481,1.0529345183364394,1.178030736716904
target_CHEMBL243-1.IC50,958,2.9425035095077905,2.140969041710886,2.870376900360755,-7.638978037133791,7.660655137059267,2.9526549838131695,-0.5369158197744853,1.2628469325081086,4.229295448851779,1.8696836566777324,4.089000000000003,-3.155200000000001,9.10542,2.4897800000000023,-0.09545865572746629,0.21773481962896524,130.56684288949106,53.063247191548754,132.78557971014493,18.0,492.1243902439024,56.80303030303031,1.3677154837450745,4.758779866972927
target_CHEMBL243-1.IC50,958,2.9425035095077905,2.140969041710886,2.870376900360755,-7.638978037133791,7.660655137059267,2.9526549838131695,-0.5369158197744853,1.2628469325081086,4.229295448851779,1.8696836566777324,4.089000000000003,-3.155200000000001,9.10542,2.4897800000000023,-0.09545865572746629,0.21773481962896524,130.56684288949106,53.063247191548754,132.78557971014493,18.0,492.1243902439024,56.80303030303031,1.3677154837450745,4.758779866972927
target_CHEMBL243-1.IC50,958,2.9425035095077905,2.140969041710886,2.870376900360755,-7.638978037133791,7.660655137059267,2.9526549838131695,-0.5369158197744853,1.2628469325081086,4.229295448851779,1.8696836566777324,4.089000000000003,-3.155200000000001,9.10542,2.4897800000000023,-0.09545865572746629,0.21773481962896524,130.56684288949106,53.063247191548754,132.78557971014493,18.0,492.1243902439024,56.80303030303031,1.3677154837450745,4.758779866972927
target_CHEMBL5145-2.IC50,232,3.077892353302046,1.476133714878553,2.6675911174757783,0.5518737832938087,7.453395755569722,1.6279796958617347,0.8709574124603845,0.18990045573588565,4.393633534482761,1.4588348781054923,4.135050000000003,1.6935999999999998,8.944899999999999,1.6183500000000022,0.9013032780675716,0.769689364583011,113.44907537247798,37.66733901036582,114.0,32.0,221.10755148741416,56.0,0.06028198616525284,-0.5233772446725404
target_CHEMBL5145-2.IC50,232,3.077892353302046,1.476133714878553,2.6675911174757783,0.5518737832938087,7.453395755569722,1.6279796958617347,0.8709574124603845,0.18990045573588565,4.393633534482761,1.4588348781054923,4.135050000000003,1.6935999999999998,8.944899999999999,1.6183500000000022,0.9013032780675716,0.769689364583011,113.44907537247798,37.66733901036582,114.0,32.0,221.10755148741416,56.0,0.06028198616525284,-0.5233772446725404
target_CHEMBL5145-2.IC50,232,3.077892353302046,1.476133714878553,2.6675911174757783,0.5518737832938087,7.453395755569722,1.6279796958617347,0.8709574124603845,0.18990045573588565,4.393633534482761,1.4588348781054923,4.135050000000003,1.6935999999999998,8.944899999999999,1.6183500000000022,0.9013032780675716,0.769689364583011,113.44907537247798,37.66733901036582,114.0,32.0,221.10755148741416,56.0,0.06028198616525284,-0.5233772446725404
target_CHEMBL279-1.IC50,1658,3.2872638690912734,1.2464094538011037,3.456348395654561,-2.284806173506895,6.942454399410598,1.633105325513827,-0.49220501036404385,0.48744660502611037,4.60755927020507,1.1994050322778218,4.642660000000004,0.1405,8.122000000000003,1.5814474999999986,-0.21352003494881028,0.2408264602509118,109.88266048366071,55.94108431410655,92.0,20.0,398.1567567567568,59.36209713770566,1.527267084556096,3.0039981603521335
target_CHEMBL279-1.IC50,1658,3.2872638690912734,1.2464094538011037,3.456348395654561,-2.284806173506895,6.942454399410598,1.633105325513827,-0.49220501036404385,0.48744660502611037,4.60755927020507,1.1994050322778218,4.642660000000004,0.1405,8.122000000000003,1.5814474999999986,-0.21352003494881028,0.2408264602509118,109.88266048366071,55.94108431410655,92.0,20.0,398.1567567567568,59.36209713770566,1.527267084556096,3.0039981603521335
target_CHEMBL279-1.IC50,1658,3.2872638690912734,1.2464094538011037,3.456348395654561,-2.284806173506895,6.942454399410598,1.633105325513827,-0.49220501036404385,0.48744660502611037,4.60755927020507,1.1994050322778218,4.642660000000004,0.1405,8.122000000000003,1.5814474999999986,-0.21352003494881028,0.2408264602509118,109.88266048366071,55.94108431410655,92.0,20.0,398.1567567567568,59.36209713770566,1.527267084556096,3.0039981603521335
target_CHEMBL4078-1.IC50,2012,3.3705708007605866,1.5129832326115225,3.17734379310581,-0.5768962377544721,10.590757604559,1.9495061325720835,0.506114748856654,0.5118081846197335,4.816711336978135,1.5597224350673327,4.669520000000005,-0.4005999999999994,10.870339999999992,2.1983750000000026,0.387669208281201,0.04620424227037523,115.66353599342048,111.94706493117488,85.02714932126698,7.0,1207.391304347826,72.0614478114478,3.9723491617600537,22.260873234461258
target_CHEMBL4078-1.IC50,2012,3.3705708007605866,1.5129832326115225,3.17734379310581,-0.5768962377544721,10.590757604559,1.9495061325720835,0.506114748856654,0.5118081846197335,4.816711336978135,1.5597224350673327,4.669520000000005,-0.4005999999999994,10.870339999999992,2.1983750000000026,0.387669208281201,0.04620424227037523,115.66353599342048,111.94706493117488,85.02714932126698,7.0,1207.391304347826,72.0614478114478,3.9723491617600537,22.260873234461258
target_CHEMBL4078-1.IC50,2012,3.3705708007605866,1.5129832326115225,3.17734379310581,-0.5768962377544721,10.590757604559,1.9495061325720835,0.506114748856654,0.5118081846197335,4.816711336978135,1.5597224350673327,4.669520000000005,-0.4005999999999994,10.870339999999992,2.1983750000000026,0.387669208281201,0.04620424227037523,115.66353599342048,111.94706493117488,85.02714932126698,7.0,1207.391304347826,72.0614478114478,3.9723491617600537,22.260873234461258
target_CHEMBL4235-1.IC50,611,2.078566032179193,1.867787692407725,1.657256617231308,-1.6855952176406983,7.101135280938432,3.028756407713238,0.44835601893014665,-0.8333157326156968,3.5757276923076944,1.2311435553142787,3.4837000000000025,0.7821999999999996,8.037900000000006,1.664290000000003,0.4510475530559219,0.06979501333633653,147.44603532148275,75.34119024280403,135.97701149425288,23.947368421052634,330.9268292682927,128.44986461840625,0.3963497626936,-1.1185992819054569
target_CHEMBL4235-1.IC50,611,2.078566032179193,1.867787692407725,1.657256617231308,-1.6855952176406983,7.101135280938432,3.028756407713238,0.44835601893014665,-0.8333157326156968,3.5757276923076944,1.2311435553142787,3.4837000000000025,0.7821999999999996,8.037900000000006,1.664290000000003,0.4510475530559219,0.06979501333633653,147.44603532148275,75.34119024280403,135.97701149425288,23.947368421052634,330.9268292682927,128.44986461840625,0.3963497626936,-1.1185992819054569
target_CHEMBL4235-1.IC50,611,2.078566032179193,1.867787692407725,1.657256617231308,-1.6855952176406983,7.101135280938432,3.028756407713238,0.44835601893014665,-0.8333157326156968,3.5757276923076944,1.2311435553142787,3.4837000000000025,0.7821999999999996,8.037900000000006,1.664290000000003,0.4510475530559219,0.06979501333633653,147.44603532148275,75.34119024280403,135.97701149425288,23.947368421052634,330.9268292682927,128.44986461840625,0.3963497626936,-1.1185992819054569
target_CHEMBL262-1.IC50,816,2.290886621475438,1.8623432119674146,2.146254590832542,-2.78550790565901,7.0020931792829,2.4985342068126757,0.04619088139826056,-0.2322178192026234,3.603377463235296,1.452650990874833,3.5507000000000017,-2.0239999999999956,7.938000000000008,1.8257500000000029,0.206432348291866,0.3994338001736404,97.41567143650936,42.20809285191995,92.0,20.0,398.1567567567568,38.92044019199193,1.7205217945182316,7.253368513281835
target_CHEMBL262-1.IC50,816,2.290886621475438,1.8623432119674146,2.146254590832542,-2.78550790565901,7.0020931792829,2.4985342068126757,0.04619088139826056,-0.2322178192026234,3.603377463235296,1.452650990874833,3.5507000000000017,-2.0239999999999956,7.938000000000008,1.8257500000000029,0.206432348291866,0.3994338001736404,97.41567143650936,42.20809285191995,92.0,20.0,398.1567567567568,38.92044019199193,1.7205217945182316,7.253368513281835
target_CHEMBL262-1.IC50,816,2.290886621475438,1.8623432119674146,2.146254590832542,-2.78550790565901,7.0020931792829,2.4985342068126757,0.04619088139826056,-0.2322178192026234,3.603377463235296,1.452650990874833,3.5507000000000017,-2.0239999999999956,7.938000000000008,1.8257500000000029,0.206432348291866,0.3994338001736404,97.41567143650936,42.20809285191995,92.0,20.0,398.1567567567568,38.92044019199193,1.7205217945182316,7.253368513281835
target_CHEMBL3471-1.IC50,1538,1.4547571503343364,1.9282150737707744,1.3999803963582615,-6.216300063224181,8.29959231652009,2.635559415931,0.0352429432065043,0.49768386109551077,2.922539187256178,1.5678400505760879,2.8292200000000007,-2.6808799999999944,10.174899999999996,2.0739000000000023,0.6373234112991419,1.2103728051014233,78.7046681508778,56.23510959228475,63.0,0.0,495.0,45.0,3.075083583645735,14.110817950277838
target_CHEMBL3471-1.IC50,1538,1.4547571503343364,1.9282150737707744,1.3999803963582615,-6.216300063224181,8.29959231652009,2.635559415931,0.0352429432065043,0.49768386109551077,2.922539187256178,1.5678400505760879,2.8292200000000007,-2.6808799999999944,10.174899999999996,2.0739000000000023,0.6373234112991419,1.2103728051014233,78.7046681508778,56.23510959228475,63.0,0.0,495.0,45.0,3.075083583645735,14.110817950277838
target_CHEMBL3471-1.IC50,1538,1.4547571503343364,1.9282150737707744,1.3999803963582615,-6.216300063224181,8.29959231652009,2.635559415931,0.0352429432065043,0.49768386109551077,2.922539187256178,1.5678400505760879,2.8292200000000007,-2.6808799999999944,10.174899999999996,2.0739000000000023,0.6373234112991419,1.2103728051014233,78.7046681508778,56.23510959228475,63.0,0.0,495.0,45.0,3.075083583645735,14.110817950277838
target_CHEMBL1865-2.IC50,336,1.7738040683107161,1.2004841139852376,1.7606411997128375,-2.055566865153091,4.943603834284908,1.5840617089522824,-0.13094485168250924,0.18332897778327872,2.8713691666666676,1.088921796097964,2.8450000000000006,-0.8222000000000003,6.0183000000000035,1.454830000000002,-0.21225700469502776,0.18091879997258742,66.10623517116404,36.27136352823524,57.30861244019138,5.0,253.87949260042285,43.0,1.0890193510911512,2.700693870522035
target_CHEMBL1865-2.IC50,336,1.7738040683107161,1.2004841139852376,1.7606411997128375,-2.055566865153091,4.943603834284908,1.5840617089522824,-0.13094485168250924,0.18332897778327872,2.8713691666666676,1.088921796097964,2.8450000000000006,-0.8222000000000003,6.0183000000000035,1.454830000000002,-0.21225700469502776,0.18091879997258742,66.10623517116404,36.27136352823524,57.30861244019138,5.0,253.87949260042285,43.0,1.0890193510911512,2.700693870522035
target_CHEMBL1865-2.IC50,336,1.7738040683107161,1.2004841139852376,1.7606411997128375,-2.055566865153091,4.943603834284908,1.5840617089522824,-0.13094485168250924,0.18332897778327872,2.8713691666666676,1.088921796097964,2.8450000000000006,-0.8222000000000003,6.0183000000000035,1.454830000000002,-0.21225700469502776,0.18091879997258742,66.10623517116404,36.27136352823524,57.30861244019138,5.0,253.87949260042285,43.0,1.0890193510911512,2.700693870522035
target_CHEMBL4685-1.IC50,537,1.7288547461541746,1.5651034093090563,1.7438140936437376,-6.9215045560579105,6.159754080769671,2.0945520691346253,-0.6917505860935649,2.2433164715771925,3.0103709310986977,1.2617823157523655,2.894100000000001,-1.2704999999999989,7.032300000000006,1.8205000000000027,0.013604802405760915,-0.09583980148281546,73.20230389300926,48.33156327559814,67.08148148148148,2.0,225.7135135135135,54.0,0.9611626441547404,1.0443214305103874
target_CHEMBL4685-1.IC50,537,1.7288547461541746,1.5651034093090563,1.7438140936437376,-6.9215045560579105,6.159754080769671,2.0945520691346253,-0.6917505860935649,2.2433164715771925,3.0103709310986977,1.2617823157523655,2.894100000000001,-1.2704999999999989,7.032300000000006,1.8205000000000027,0.013604802405760915,-0.09583980148281546,73.20230389300926,48.33156327559814,67.08148148148148,2.0,225.7135135135135,54.0,0.9611626441547404,1.0443214305103874
target_CHEMBL4685-1.IC50,537,1.7288547461541746,1.5651034093090563,1.7438140936437376,-6.9215045560579105,6.159754080769671,2.0945520691346253,-0.6917505860935649,2.2433164715771925,3.0103709310986977,1.2617823157523655,2.894100000000001,-1.2704999999999989,7.032300000000006,1.8205000000000027,0.013604802405760915,-0.09583980148281546,73.20230389300926,48.33156327559814,67.08148148148148,2.0,225.7135135135135,54.0,0.9611626441547404,1.0443214305103874
target_CHEMBL4015-1.IC50,476,2.011582114268744,1.0790885385435212,1.909830176633522,-1.1102389982923904,5.587037640862953,1.419553179560627,0.4943977466332999,0.27968351121441826,3.9578628571428602,1.0624062852629113,3.823370000000003,1.3941400000000013,6.847700000000006,1.6075800000000022,0.3513729965092727,-0.5908498477206807,117.45916626533042,54.980648513944416,105.40353372763346,26.0,275.6392649903288,102.45524961890243,0.39378890365160396,-0.9619376316358301
target_CHEMBL4015-1.IC50,476,2.011582114268744,1.0790885385435212,1.909830176633522,-1.1102389982923904,5.587037640862953,1.419553179560627,0.4943977466332999,0.27968351121441826,3.9578628571428602,1.0624062852629113,3.823370000000003,1.3941400000000013,6.847700000000006,1.6075800000000022,0.3513729965092727,-0.5908498477206807,117.45916626533042,54.980648513944416,105.40353372763346,26.0,275.6392649903288,102.45524961890243,0.39378890365160396,-0.9619376316358301
target_CHEMBL4015-1.IC50,476,2.011582114268744,1.0790885385435212,1.909830176633522,-1.1102389982923904,5.587037640862953,1.419553179560627,0.4943977466332999,0.27968351121441826,3.9578628571428602,1.0624062852629113,3.823370000000003,1.3941400000000013,6.847700000000006,1.6075800000000022,0.3513729965092727,-0.5908498477206807,117.45916626533042,54.980648513944416,105.40353372763346,26.0,275.6392649903288,102.45524961890243,0.39378890365160396,-0.9619376316358301
target_CHEMBL1974-2.IC50,201,2.849557140879621,1.1951696488457246,3.1023539921546384,-0.2535247603036736,4.92131369185032,1.7971831487114727,-0.43427192242898244,-0.6555575057365246,4.297537711442788,1.1753017820256804,4.397400000000002,0.9993000000000016,6.750600000000006,1.5281000000000011,-0.36352150892157997,-0.3166684747351125,107.04770853553404,53.43246897493871,88.86956521739131,45.0,277.2578524470416,94.60188087774293,0.5296729134484298,-0.7073753381893986
target_CHEMBL1974-2.IC50,201,2.849557140879621,1.1951696488457246,3.1023539921546384,-0.2535247603036736,4.92131369185032,1.7971831487114727,-0.43427192242898244,-0.6555575057365246,4.297537711442788,1.1753017820256804,4.397400000000002,0.9993000000000016,6.750600000000006,1.5281000000000011,-0.36352150892157997,-0.3166684747351125,107.04770853553404,53.43246897493871,88.86956521739131,45.0,277.2578524470416,94.60188087774293,0.5296729134484298,-0.7073753381893986
target_CHEMBL1974-2.IC50,201,2.849557140879621,1.1951696488457246,3.1023539921546384,-0.2535247603036736,4.92131369185032,1.7971831487114727,-0.43427192242898244,-0.6555575057365246,4.297537711442788,1.1753017820256804,4.397400000000002,0.9993000000000016,6.750600000000006,1.5281000000000011,-0.36352150892157997,-0.3166684747351125,107.04770853553404,53.43246897493871,88.86956521739131,45.0,277.2578524470416,94.60188087774293,0.5296729134484298,-0.7073753381893986
target_CHEMBL4794-1.IC50,227,3.5276771497169914,1.233286967823936,3.485409008900933,0.1752005736729895,6.772187257392364,1.5369747236018734,0.004708869191950743,0.0444903266366965,4.654857180616744,1.341363993341378,4.681300000000003,0.6153999999999997,8.044800000000008,1.8337000000000017,-0.26047155049561466,0.034738056339735035,89.63931477003906,42.153773372766956,96.02652519893898,0.0,298.95429472025216,52.57350701175665,-0.14635403739222236,1.9340167315263113
target_CHEMBL4794-1.IC50,227,3.5276771497169914,1.233286967823936,3.485409008900933,0.1752005736729895,6.772187257392364,1.5369747236018734,0.004708869191950743,0.0444903266366965,4.654857180616744,1.341363993341378,4.681300000000003,0.6153999999999997,8.044800000000008,1.8337000000000017,-0.26047155049561466,0.034738056339735035,89.63931477003906,42.153773372766956,96.02652519893898,0.0,298.95429472025216,52.57350701175665,-0.14635403739222236,1.9340167315263113
target_CHEMBL4794-1.IC50,227,3.5276771497169914,1.233286967823936,3.485409008900933,0.1752005736729895,6.772187257392364,1.5369747236018734,0.004708869191950743,0.0444903266366965,4.654857180616744,1.341363993341378,4.681300000000003,0.6153999999999997,8.044800000000008,1.8337000000000017,-0.26047155049561466,0.034738056339735035,89.63931477003906,42.153773372766956,96.02652519893898,0.0,298.95429472025216,52.57350701175665,-0.14635403739222236,1.9340167315263113
target_CHEMBL1163125-2.IC50,214,0.8445423996952937,1.6239582550282812,0.47067281168305775,-1.652938860090488,5.25372202160986,2.391927675147552,0.6853325884057213,-0.5395272211153883,2.8084949532710293,1.0587908516504725,2.7618199999999997,0.7726200000000016,6.003500000000005,1.5417100000000024,0.3447621533127632,-0.46463571915277013,113.64659557546587,43.851863504515144,111.39887267904507,20.0,227.5,76.45131633488774,0.09827912492179462,-0.6898193387147669
target_CHEMBL1163125-2.IC50,214,0.8445423996952937,1.6239582550282812,0.47067281168305775,-1.652938860090488,5.25372202160986,2.391927675147552,0.6853325884057213,-0.5395272211153883,2.8084949532710293,1.0587908516504725,2.7618199999999997,0.7726200000000016,6.003500000000005,1.5417100000000024,0.3447621533127632,-0.46463571915277013,113.64659557546587,43.851863504515144,111.39887267904507,20.0,227.5,76.45131633488774,0.09827912492179462,-0.6898193387147669
target_CHEMBL1163125-2.IC50,214,0.8445423996952937,1.6239582550282812,0.47067281168305775,-1.652938860090488,5.25372202160986,2.391927675147552,0.6853325884057213,-0.5395272211153883,2.8084949532710293,1.0587908516504725,2.7618199999999997,0.7726200000000016,6.003500000000005,1.5417100000000024,0.3447621533127632,-0.46463571915277013,113.64659557546587,43.851863504515144,111.39887267904507,20.0,227.5,76.45131633488774,0.09827912492179462,-0.6898193387147669
target_CHEMBL1163125-3.IC50,362,2.8780324863395315,1.1754067239394623,3.020819397477732,-1.15414925763951,5.530050984296673,1.4657246156193011,-0.45372591579755434,0.249953664305405,4.020531325966853,1.0213850123382782,3.9467300000000023,1.7094399999999998,6.9339600000000035,1.4063600000000012,0.206282820161912,-0.40421089959806533,126.40692123239701,61.58498291746139,116.26349583828775,28.0,410.7063829787234,85.2720920383964,1.3019937186769184,2.6764769710985616
target_CHEMBL1163125-3.IC50,362,2.8780324863395315,1.1754067239394623,3.020819397477732,-1.15414925763951,5.530050984296673,1.4657246156193011,-0.45372591579755434,0.249953664305405,4.020531325966853,1.0213850123382782,3.9467300000000023,1.7094399999999998,6.9339600000000035,1.4063600000000012,0.206282820161912,-0.40421089959806533,126.40692123239701,61.58498291746139,116.26349583828775,28.0,410.7063829787234,85.2720920383964,1.3019937186769184,2.6764769710985616
target_CHEMBL1163125-3.IC50,362,2.8780324863395315,1.1754067239394623,3.020819397477732,-1.15414925763951,5.530050984296673,1.4657246156193011,-0.45372591579755434,0.249953664305405,4.020531325966853,1.0213850123382782,3.9467300000000023,1.7094399999999998,6.9339600000000035,1.4063600000000012,0.206282820161912,-0.40421089959806533,126.40692123239701,61.58498291746139,116.26349583828775,28.0,410.7063829787234,85.2720920383964,1.3019937186769184,2.6764769710985616
target_CHEMBL2971-2.IC50,206,1.5951966554411454,1.1907824858385223,1.6466181773510715,-0.6836005841909619,4.476469648733886,1.7844785784608184,0.1475868192664072,-0.6026871461478671,2.794648058252428,1.141906596094452,3.006300000000001,0.534100000000001,5.366800000000003,1.874230000000002,-0.20449881637659062,-0.8758515754828067,106.93888484077935,41.209572748744996,100.70690661995009,42.0,214.6451612903226,59.03544061302682,0.6918963129001899,0.12189346765663389
target_CHEMBL2971-2.IC50,206,1.5951966554411454,1.1907824858385223,1.6466181773510715,-0.6836005841909619,4.476469648733886,1.7844785784608184,0.1475868192664072,-0.6026871461478671,2.794648058252428,1.141906596094452,3.006300000000001,0.534100000000001,5.366800000000003,1.874230000000002,-0.20449881637659062,-0.8758515754828067,106.93888484077935,41.209572748744996,100.70690661995009,42.0,214.6451612903226,59.03544061302682,0.6918963129001899,0.12189346765663389
target_CHEMBL2971-2.IC50,206,1.5951966554411454,1.1907824858385223,1.6466181773510715,-0.6836005841909619,4.476469648733886,1.7844785784608184,0.1475868192664072,-0.6026871461478671,2.794648058252428,1.141906596094452,3.006300000000001,0.534100000000001,5.366800000000003,1.874230000000002,-0.20449881637659062,-0.8758515754828067,106.93888484077935,41.209572748744996,100.70690661995009,42.0,214.6451612903226,59.03544061302682,0.6918963129001899,0.12189346765663389
target_CHEMBL5251-1.IC50,576,3.1207743977249303,1.2464640652971242,3.1567394790765047,-0.2074782853124749,6.363859618662399,1.751811825512954,-0.102375889393249,-0.2828743912754561,4.620670954861114,1.1008416120098663,4.654040000000003,1.21174,7.709600000000006,1.494250000000001,-0.2248158907086799,0.06327853093802194,185.69295822490176,71.317166538052,168.46409934941718,48.0,384.8638218923933,109.62166933433764,0.5638395410965353,-0.30159081460166126
target_CHEMBL5251-1.IC50,576,3.1207743977249303,1.2464640652971242,3.1567394790765047,-0.2074782853124749,6.363859618662399,1.751811825512954,-0.102375889393249,-0.2828743912754561,4.620670954861114,1.1008416120098663,4.654040000000003,1.21174,7.709600000000006,1.494250000000001,-0.2248158907086799,0.06327853093802194,185.69295822490176,71.317166538052,168.46409934941718,48.0,384.8638218923933,109.62166933433764,0.5638395410965353,-0.30159081460166126
target_CHEMBL5251-1.IC50,576,3.1207743977249303,1.2464640652971242,3.1567394790765047,-0.2074782853124749,6.363859618662399,1.751811825512954,-0.102375889393249,-0.2828743912754561,4.620670954861114,1.1008416120098663,4.654040000000003,1.21174,7.709600000000006,1.494250000000001,-0.2248158907086799,0.06327853093802194,185.69295822490176,71.317166538052,168.46409934941718,48.0,384.8638218923933,109.62166933433764,0.5638395410965353,-0.30159081460166126
target_CHEMBL344-1.IC50,383,3.415533364218978,0.9625154463623091,3.3271661628225875,0.9552427729716966,6.838436384220567,1.2638969568429652,0.5245529938977784,0.9126847555312847,5.240992637075723,0.9982117839663648,5.163280000000005,2.220899999999999,8.231680000000004,1.5016000000000025,0.4083430879626582,0.09567649630232467,120.35192626511865,48.64741314978061,129.4871794871795,28.0,393.7581395348837,46.57085634710427,1.7654006982411647,7.86596287150342
target_CHEMBL344-1.IC50,383,3.415533364218978,0.9625154463623091,3.3271661628225875,0.9552427729716966,6.838436384220567,1.2638969568429652,0.5245529938977784,0.9126847555312847,5.240992637075723,0.9982117839663648,5.163280000000005,2.220899999999999,8.231680000000004,1.5016000000000025,0.4083430879626582,0.09567649630232467,120.35192626511865,48.64741314978061,129.4871794871795,28.0,393.7581395348837,46.57085634710427,1.7654006982411647,7.86596287150342
target_CHEMBL344-1.IC50,383,3.415533364218978,0.9625154463623091,3.3271661628225875,0.9552427729716966,6.838436384220567,1.2638969568429652,0.5245529938977784,0.9126847555312847,5.240992637075723,0.9982117839663648,5.163280000000005,2.220899999999999,8.231680000000004,1.5016000000000025,0.4083430879626582,0.09567649630232467,120.35192626511865,48.64741314978061,129.4871794871795,28.0,393.7581395348837,46.57085634710427,1.7654006982411647,7.86596287150342
target_CHEMBL3229-1.IC50,302,3.3130607192593606,0.9381142311101814,3.251760411485935,0.4622013609957353,6.500682046197139,1.035488387619771,0.23046339083323011,0.562834710265935,4.6688253642384145,1.0364800033933386,4.793850000000004,1.2137,7.001000000000006,1.4515450000000034,-0.418538456493288,0.18746907189822437,118.43509963205088,67.71691821045737,113.68382925472747,6.0,239.1052631578947,92.4349376114082,0.04899924270910211,-1.088879208873374
target_CHEMBL3229-1.IC50,302,3.3130607192593606,0.9381142311101814,3.251760411485935,0.4622013609957353,6.500682046197139,1.035488387619771,0.23046339083323011,0.562834710265935,4.6688253642384145,1.0364800033933386,4.793850000000004,1.2137,7.001000000000006,1.4515450000000034,-0.418538456493288,0.18746907189822437,118.43509963205088,67.71691821045737,113.68382925472747,6.0,239.1052631578947,92.4349376114082,0.04899924270910211,-1.088879208873374
target_CHEMBL3229-1.IC50,302,3.3130607192593606,0.9381142311101814,3.251760411485935,0.4622013609957353,6.500682046197139,1.035488387619771,0.23046339083323011,0.562834710265935,4.6688253642384145,1.0364800033933386,4.793850000000004,1.2137,7.001000000000006,1.4515450000000034,-0.418538456493288,0.18746907189822437,118.43509963205088,67.71691821045737,113.68382925472747,6.0,239.1052631578947,92.4349376114082,0.04899924270910211,-1.088879208873374
target_CHEMBL2409-1.IC50,1231,2.2547683289289675,1.607749999005111,2.396681650097705,-6.799704828288237,6.756706144213321,2.0112829051471675,-0.4944779272053992,1.0990592505469774,3.9452086839967535,1.168596670262184,3.897940000000003,-5.074400000000003,8.052000000000008,1.3892800000000034,-0.08101202778558118,3.137213213510589,96.07712968305464,72.1208748722407,78.13636363636364,0.0,1086.2068965517242,71.04508856682769,3.9399219406086754,36.296304400227875
target_CHEMBL2409-1.IC50,1231,2.2547683289289675,1.607749999005111,2.396681650097705,-6.799704828288237,6.756706144213321,2.0112829051471675,-0.4944779272053992,1.0990592505469774,3.9452086839967535,1.168596670262184,3.897940000000003,-5.074400000000003,8.052000000000008,1.3892800000000034,-0.08101202778558118,3.137213213510589,96.07712968305464,72.1208748722407,78.13636363636364,0.0,1086.2068965517242,71.04508856682769,3.9399219406086754,36.296304400227875
target_CHEMBL2409-1.IC50,1231,2.2547683289289675,1.607749999005111,2.396681650097705,-6.799704828288237,6.756706144213321,2.0112829051471675,-0.4944779272053992,1.0990592505469774,3.9452086839967535,1.168596670262184,3.897940000000003,-5.074400000000003,8.052000000000008,1.3892800000000034,-0.08101202778558118,3.137213213510589,96.07712968305464,72.1208748722407,78.13636363636364,0.0,1086.2068965517242,71.04508856682769,3.9399219406086754,36.296304400227875
target_CHEMBL2039-2.IC50,460,3.4510114480091834,1.4614129823129416,3.559805706153157,-1.514253100862986,6.55334665820782,1.674649349908612,-0.8065002690932687,0.9274352850442416,3.999331630434785,1.0482689244127648,3.888860000000003,0.3964999999999997,6.5625000000000036,1.4363950000000019,-0.14892399077005902,0.11771649563565223,54.98397682309582,17.541785108335564,49.93453557312253,5.0,125.0,21.590476190476195,0.5399525010873047,1.3831009249812114
target_CHEMBL2039-2.IC50,460,3.4510114480091834,1.4614129823129416,3.559805706153157,-1.514253100862986,6.55334665820782,1.674649349908612,-0.8065002690932687,0.9274352850442416,3.999331630434785,1.0482689244127648,3.888860000000003,0.3964999999999997,6.5625000000000036,1.4363950000000019,-0.14892399077005902,0.11771649563565223,54.98397682309582,17.541785108335564,49.93453557312253,5.0,125.0,21.590476190476195,0.5399525010873047,1.3831009249812114
target_CHEMBL2039-2.IC50,460,3.4510114480091834,1.4614129823129416,3.559805706153157,-1.514253100862986,6.55334665820782,1.674649349908612,-0.8065002690932687,0.9274352850442416,3.999331630434785,1.0482689244127648,3.888860000000003,0.3964999999999997,6.5625000000000036,1.4363950000000019,-0.14892399077005902,0.11771649563565223,54.98397682309582,17.541785108335564,49.93453557312253,5.0,125.0,21.590476190476195,0.5399525010873047,1.3831009249812114
target_CHEMBL2039-3.IC50,454,2.56425708604085,1.1886088033362363,2.512803765834942,-1.0877832313383478,7.580919721788057,1.5446111884229765,0.14410616319747685,0.7358560714981786,3.3791915859030857,1.325820629363417,3.374300000000002,0.4166999999999987,11.07609999999999,1.2241000000000026,1.0083266075413218,4.181884088181716,57.0712746639086,30.718444819057577,48.0,5.0,188.92424766516777,35.90425763006408,1.4813425130475146,3.1318163483315438
target_CHEMBL2039-3.IC50,454,2.56425708604085,1.1886088033362363,2.512803765834942,-1.0877832313383478,7.580919721788057,1.5446111884229765,0.14410616319747685,0.7358560714981786,3.3791915859030857,1.325820629363417,3.374300000000002,0.4166999999999987,11.07609999999999,1.2241000000000026,1.0083266075413218,4.181884088181716,57.0712746639086,30.718444819057577,48.0,5.0,188.92424766516777,35.90425763006408,1.4813425130475146,3.1318163483315438
target_CHEMBL2039-3.IC50,454,2.56425708604085,1.1886088033362363,2.512803765834942,-1.0877832313383478,7.580919721788057,1.5446111884229765,0.14410616319747685,0.7358560714981786,3.3791915859030857,1.325820629363417,3.374300000000002,0.4166999999999987,11.07609999999999,1.2241000000000026,1.0083266075413218,4.181884088181716,57.0712746639086,30.718444819057577,48.0,5.0,188.92424766516777,35.90425763006408,1.4813425130475146,3.1318163483315438
target_CHEMBL240-2.IC50,241,2.5343638090103022,1.4645692518277338,2.6771078480813,-1.655542942667784,6.642956560142421,1.7881143973444527,-0.5837657263839383,0.26031915008328754,4.294929128630708,1.2878166140719176,4.462000000000004,1.0458000000000005,8.644300000000001,1.7195800000000023,-0.2597419802970074,0.026987189097020803,124.30719258470849,46.033719350425486,129.54545454545453,20.0,240.98048780487807,69.65387467556545,-0.1919089358690566,-0.5076110399228875
target_CHEMBL240-2.IC50,241,2.5343638090103022,1.4645692518277338,2.6771078480813,-1.655542942667784,6.642956560142421,1.7881143973444527,-0.5837657263839383,0.26031915008328754,4.294929128630708,1.2878166140719176,4.462000000000004,1.0458000000000005,8.644300000000001,1.7195800000000023,-0.2597419802970074,0.026987189097020803,124.30719258470849,46.033719350425486,129.54545454545453,20.0,240.98048780487807,69.65387467556545,-0.1919089358690566,-0.5076110399228875
target_CHEMBL240-2.IC50,241,2.5343638090103022,1.4645692518277338,2.6771078480813,-1.655542942667784,6.642956560142421,1.7881143973444527,-0.5837657263839383,0.26031915008328754,4.294929128630708,1.2878166140719176,4.462000000000004,1.0458000000000005,8.644300000000001,1.7195800000000023,-0.2597419802970074,0.026987189097020803,124.30719258470849,46.033719350425486,129.54545454545453,20.0,240.98048780487807,69.65387467556545,-0.1919089358690566,-0.5076110399228875
target_CHEMBL240-3.IC50,599,2.512059182024581,1.6296859645870976,2.301231835404654,-1.859755266892018,7.654122697327468,2.0381880252195943,0.814898880527383,0.5677378481485551,4.17369973288815,1.685692635553647,4.053020000000004,-0.901499999999998,9.3724,2.1131100000000034,0.569343928809959,0.7935329374162019,148.2102195580275,56.23926447938074,150.16470588235296,5.0,287.20393120393123,72.23322460391425,-0.4860976119890902,0.43949546058307565
target_CHEMBL240-3.IC50,599,2.512059182024581,1.6296859645870976,2.301231835404654,-1.859755266892018,7.654122697327468,2.0381880252195943,0.814898880527383,0.5677378481485551,4.17369973288815,1.685692635553647,4.053020000000004,-0.901499999999998,9.3724,2.1131100000000034,0.569343928809959,0.7935329374162019,148.2102195580275,56.23926447938074,150.16470588235296,5.0,287.20393120393123,72.23322460391425,-0.4860976119890902,0.43949546058307565
target_CHEMBL240-3.IC50,599,2.512059182024581,1.6296859645870976,2.301231835404654,-1.859755266892018,7.654122697327468,2.0381880252195943,0.814898880527383,0.5677378481485551,4.17369973288815,1.685692635553647,4.053020000000004,-0.901499999999998,9.3724,2.1131100000000034,0.569343928809959,0.7935329374162019,148.2102195580275,56.23926447938074,150.16470588235296,5.0,287.20393120393123,72.23322460391425,-0.4860976119890902,0.43949546058307565
target_CHEMBL222-2.IC50,194,1.6213344333729107,0.7024126034262315,1.5334440580546596,0.1029869135320323,3.4739005770176736,1.0351061599235454,0.3420229473924335,-0.2531714057248622,3.053447113402063,0.7192858447854544,3.088500000000001,1.5096999999999994,4.630900000000003,1.1067500000000012,0.18650513652902329,-0.8207137071178146,67.87853809675653,21.370518921454334,66.36160714285715,30.0,126.76470588235291,20.817638339920947,0.8854434620454482,0.8368954272599649
target_CHEMBL222-2.IC50,194,1.6213344333729107,0.7024126034262315,1.5334440580546596,0.1029869135320323,3.4739005770176736,1.0351061599235454,0.3420229473924335,-0.2531714057248622,3.053447113402063,0.7192858447854544,3.088500000000001,1.5096999999999994,4.630900000000003,1.1067500000000012,0.18650513652902329,-0.8207137071178146,67.87853809675653,21.370518921454334,66.36160714285715,30.0,126.76470588235291,20.817638339920947,0.8854434620454482,0.8368954272599649
target_CHEMBL222-2.IC50,194,1.6213344333729107,0.7024126034262315,1.5334440580546596,0.1029869135320323,3.4739005770176736,1.0351061599235454,0.3420229473924335,-0.2531714057248622,3.053447113402063,0.7192858447854544,3.088500000000001,1.5096999999999994,4.630900000000003,1.1067500000000012,0.18650513652902329,-0.8207137071178146,67.87853809675653,21.370518921454334,66.36160714285715,30.0,126.76470588235291,20.817638339920947,0.8854434620454482,0.8368954272599649
target_CHEMBL284-1.IC50,984,0.4560228526208563,1.3880359346229854,0.6008876339498642,-6.014347214280787,4.1854949100106005,1.5899692525934108,-0.8732633552436411,2.106971571320793,2.158717073170733,1.2454505449221862,2.23534,-2.420029999999997,5.068000000000005,1.5629349999999989,-0.4452635394223147,0.37528112749078213,107.21109496708125,51.36208536770004,96.18181818181816,0.0,325.6842105263158,50.44717917956656,1.0696663039865553,1.9438265510352055
target_CHEMBL284-1.IC50,984,0.4560228526208563,1.3880359346229854,0.6008876339498642,-6.014347214280787,4.1854949100106005,1.5899692525934108,-0.8732633552436411,2.106971571320793,2.158717073170733,1.2454505449221862,2.23534,-2.420029999999997,5.068000000000005,1.5629349999999989,-0.4452635394223147,0.37528112749078213,107.21109496708125,51.36208536770004,96.18181818181816,0.0,325.6842105263158,50.44717917956656,1.0696663039865553,1.9438265510352055
target_CHEMBL284-1.IC50,984,0.4560228526208563,1.3880359346229854,0.6008876339498642,-6.014347214280787,4.1854949100106005,1.5899692525934108,-0.8732633552436411,2.106971571320793,2.158717073170733,1.2454505449221862,2.23534,-2.420029999999997,5.068000000000005,1.5629349999999989,-0.4452635394223147,0.37528112749078213,107.21109496708125,51.36208536770004,96.18181818181816,0.0,325.6842105263158,50.44717917956656,1.0696663039865553,1.9438265510352055
